column_1,column_2,column_3,column_4,column_5
Gcvw6ZJxMQOVx5Go,SkXkje6dumTElhNe,3zzte0ClqigAVEJ2,p3QLJLDsRFETONDf,6GRlG88fDhXkauCl
Xp6qiAeTfKEGPTyV,iHw508Yu1IGI8hv5,XcBxrfPStzxv8zyY,JFm3rLBRMzOCxxIp,kO3UHDTZbmGrjvfp
G2vi1jGeQmyfcmpd,6sDlStfWrCHCxEYx,OwQWLyJTUP4KqxzQ,9KzuEBSr4z9KrU8H,Pv5ORu6uPyax8wEf
kXPpzVQR6tM7uJq3,ZWF3gM7AzKRofnlN,iHPMWFBCozUVygGA,KaQroYHTrem1e5Bc,m2su7XMDZMGeySgs
cKZVmN6A9iWHOio5,z8X0p5DDyfVhTXEt,2FjOWttv3OWDUbbT,G9XpLfRR3biFpZ8p,79SdSHhdsVhN2k4P
7Jk8jjw71ObsDBHJ,XfTD0H04dVTZK8lJ,sxYeYCWK73koLk14,699QAWWupgFr5aXx,T4PWKs6HG80hpJWC
27rkQAUAl4Hsmk7I,LB4II15hR2oqbdJv,RtSDoOoCp9JZdJk9,bN6yv6cO7kBDp8ow,ajETly7Y6zfbnXqY
BMyyX0RvytrTQLoV,LTRfaQCfhm9BwYUe,nDR338NXQULc4Ou4,N1ArgXWUniLKBtbG,LeutHNFxB7ldvviF
G3mdh7vEx3K4VvoX,caNI9eqsHJeD2Zlj,U1CtCBa2SPfob8Cp,XYZV3Fh8guLSPfmM,dKsBvcYUSaVw9H3w
dFYnTI7JNTxhrBq2,gHJlDD2xk3uFK9V9,cJWC2A5HIAzWRMdK,Sc5aBWqyEaRjwEJP,slv2QYWvgrqjBWIA
3pD7eebHitTdXQXK,O3Yyco8QqDVJf3P4,otnRPKW7upDztW0Z,xE8aL26TEMw1Or44,sfvUQQXG3n3P9OAM
gaXEZCNUMN2jKONF,Bs1Z8cskrJUSGF86,GhzeslfhJmdRWW67,uuAsY4hQtWuinHu2,YtEcsKyAw26H23RR
XbNzehce7MgPQttN,kihfKLU0kgzBEEI0,26aNgGOTcGwcsDwA,rF3ogEr0FPYXLkNT,ZUCFAwYZFXXYmKft
XueLWS0PltPFEViL,fyIHRJC2FoobU5UM,WtFrh6ysFEVjt6rG,JjJLuNUc4yEAcYS4,UeD9DJClS3nPRdJm
OLcFH7V3fFCia1CB,33dCdWBB49gfL3mC,ixXALOUlDxvmNLcf,I9rrQ7fLuhmkHH2K,U5fmWvvzvgRY27kE
tgsErmJc99X1Ok9n,oZ3XH8Ctgwsf2rLg,34GaLOTAsqpw4SNF,szvrou8NY9Nn8Hpb,Uquz9QgtBtMZVGAU
6u5lgIAzmbqajl4m,5seb4pwThHpGWxdD,NLwmRHvl9LPsl1ph,3f44Ov2lfxclnY6y,VUWvnHNWrSTTWqji
8rQ95xKPC3nZbFGc,ebioo5duPicekTQG,vQnGdUrhW1gFiNNE,QiRQ09AsYUb7aMk2,vLGCCtAiKvcqSjwd
A12XKMGvLEaV7Pta,F0CM4kLjFOBWuxFS,JjSebJwYVP82As0Z,VSapSThLuwGxvp5e,4ZW4HSLRCz9HBlBf
88B0wDCKEITcJwOp,PsoomrDGUUAHcZHL,6s2aOtZ2cB7tfPeq,qmebC4G0UIIGunVg,vJnBI7QBnpb9uCjh
G1OtzbLlNN0FOXcL,LSb393tXwkmwUGdi,eCWpxCZQuLVsRhIM,s7fYsEYl6dhq8SZc,ugLh1RqZKMhL1cWV
BLCwMPI352N4y8jM,PGHzeKv9FoG4YcXv,N8tAVfqwtn7jjLCE,7G83PuiZ8iyyIV2l,yc8KQ9WpNxyp7QgC
QjRN7BjbvtCrwFPc,qB2Dc8WU1dEli69P,07Nw4dHIcyZTkFvY,rwoOGz4wDforRGxc,yoBUxWL3GmrLniCb
z1K0sRIc6JVEoact,vcwLeAzxg9xVMp3m,RZtli6QpAoxKVSLF,v4ahyduFMo8ouhgl,v4bOMPIbpce6rNgk
SNvar2XoYNIuGUDY,bdFgAIsvq8Q1a25x,I6EKmYRvSuZv5HgM,spY1sH7EiYlro9qu,e3AtGyJttmprOkaL
CCUpr5z7h9JxwysA,UPrtA7u7xusFwyfW,KIBIImXnr0kQMy7w,OK3xndmNSG0pZaez,VAsSv0oKxzetaGtU
4nXr5zPMy6iczbrJ,Rh0LUTaQ7wGqxmtO,pE5KWNQWigfd4Zbc,cVabXp1QOY9EKJxu,HJVKFJZ4g3KgpAZM
BTpdrecTprsiFnCx,8vgQls5Hm8pPrLcU,nPbMQ1UKryT76S7A,3rwSUSjbJVbFKb3Y,a069R4EJbrRbki4C
clW1xOrBwabQeA3P,ol0KjLUOnsw3izYh,Tyor9RPf9hqY9X3w,AcNpQNJAFEQnS3vJ,6KDKenf5RADz5JjJ
dd4K9PS0yeALDv8X,f6NHv00iJHfphRrM,6WnLQaB2juJoQ68T,rr23R54gQnfzneuA,YIbAd48dABEdeg6Y
Q0oio1tIZvsxWcIe,Fm5FPBeyNacyKuDs,Cwor1SwzkZOLzneM,2e2B9UOFiDK9WcF0,WhPZ3hyHOkluKCsZ
aplUic8gGJrDvAoP,YQVRJuDbWFcAqzU6,2DGW6WwIUorMvl7h,VkqTDTBru6Myx1IT,MsjYmZG71ary5fLh
Ya7Y7TvedYwC2cOU,8nzFPdTtQpKLgfJO,AhhzV5IZ3MBFsjNv,AHXtsFSN4Vk0qcfo,rFTt961tu9BFMyvI
4VwVYkpccEMKg7Ac,xbCxQHY7IOLgvYuF,VKXrW6INqQHEhfn1,XXKr3JuEwMfp4XRt,E6sYUGm6R8wv5qMC
jemET1LinEgyli9g,TQX5wF33lMUKBsrH,Wz86kJcAW9xXvvCP,ULPAVdpUmqI6Gs6j,n3evRuQeBaUoc7hc
4xVoF1XqPDC8dFGO,cBJKYUxRWrgRfQQd,hSWm6dKjZcdwHvSr,d5Mg7NOTXOdKgwfl,7EaDTETdHWj0f7af
zq2KiUzKwyzSb9sF,Nje4yADHVC0EBnC7,7g3Xb9RwHYoxDm2a,WWlSe7wqkOrN87dC,jUdEMMrGmb2pwBmp
52vRAiY35ctvDBSB,wdBpPUzdpUIoG5gu,MhpXFh971HOBVZPc,5SrmYQsjlu0pBmIf,4lWaAZH0XT9CPCip
RN7jSGrmIq3nPwK8,C1iMN2tcf035uP6V,TvQa99qrpTDEewJf,iAJ3ABUnEmZ1Pw6e,owO15EG5kFuMRXPf
Ldz8dcp29YiK3ISf,shR7yOQLgLEbIWkt,lemcfnKGHWhqeXQ9,N3VByTYcbDOOclRJ,limwcRP22qvroDCo
EiyX8cumzNWCU7oe,xbhdqEEvQz0zjTkp,E2R4bBoMR9AMQYG7,8WVekKzqC2B3mGMx,c1L8BY24E6knDKX4
9n29sMb0Cswl1InM,j7vDVmGBQmVqKgA3,cVh71QnnfraEblwH,P4loAze4Tw3rOQVL,pJwp4N0GYv0UZAWg
lpFT2KQqVRcw8DFk,oIvrf0Qf2pq2siEx,RjpJ4FgOiQja1duH,i8QJKaIybmdVwNZ2,f9xtNIofjyucw6SV
G35UQBYiPg95BQcs,TvWLr4o3zpjhSNu3,Xuxn9A6xEqtZQ9xj,MaPSyziieYtvUHSG,1OyDB9sdiKhhXl1O
7Oz1U7Bab1D9Gqo6,PNFy3bxFQ74XmTaq,fYdKE8dASfULjFCR,tyHnxX4qCPhQwlVN,208HCdOIrhxFnFcS
GIZtvxFclqKHUof4,wtz9FcyuqcRmsDR8,vU6j0AwaMiv51t65,9xQ1Re1m1ryf4Ihl,kATTNgwSZXfoO1Uv
TwwAJY0kmOcfalLa,n6pDIqSRK8h1wBLH,AHmnDsyZhzProsDg,nWPfaVnSIVoHo8N4,DqBdvEpBoAhm0ojY
wE2tpCLb7WIQQH3t,xjt1KAthGoz8d8uB,vB00dDhoEfsAeHih,UMR8EDrubrKKsB50,S7shwLfKjlsrmY0T
3MYupn3FfvAmBqOA,KjPpKUAoZv1q7rLv,z7ZQkMh1ILqoJoUZ,0YjZfzZMVqNxLcYU,qYKRDrWVxaCD0C1i
56ZOVragaNG8y0SH,9v5Ea4rA3jU4OOgB,JpC4YxKvbwJSwMcY,mHwW1JXaJKuVeZpV,HDuKWm3xeijr2mAM
kHfNH2fgOTLHoqmw,LyAYrCAi8bbuAOiK,uZmxJ2NCQR1rx6pI,2i3ix2cwQuP5CE8U,AkuV9C1eJ5Mknh0f
rSW88y4rkkeQ40BE,pG6YsIWOTSKMWQgr,SpEbYcufJpq54Py8,Xp3IaW3EiPrivVv6,IM4KxG1gwVB08MqF
5kZR9DQcgl0bH1pz,LXMQnpzOLJrjT6Qe,zbLdLGUdgxyEXkW4,7ty32vRNk8fcwpUo,qB7eHb3PLU0mkpD8
OdWkSHKDZZaYklgI,gqXnTYZGFyCoCCa0,065RyDsANuL4PKIe,XfODncQl7LelKyrW,9Fh8EbffAocVjHzT
72bMzP7LDISTZJHl,KtQSKLxPaxhX6BaU,BYWf8Tt57yzWVKIx,qmbficZ7sDdAIkAB,OIlZhrGqe03Cmc33
8C5gT2ZiIGP2CKck,kSyB1pzi2Uh5yUR7,VOIyAvjWWCpZNlQO,HiQRq6Dt3ECmH41V,vCGM7QsvUn8mZzWK
TsHunyvMUpq3ZKIt,Gpq7epINvmK1Op7b,78FNKjM8A90XosYL,gvxULLVViv6fBQIz,Q8UukXfcSRQanJ7b
tdy2RyAJW9Rq4BaP,l6X55mdkLQA7kFOC,WsydIqtQJtLA8llB,4T7rjjPRGmLCZzw1,yYD0KljGHsEDmTlv
o3tCZG2VovRzXVTm,DN5FYcg7hB2IPnQc,1Yns33HLzQpSrk1g,vYoX3ID0Ix15j5yE,TcqkAiBLKLzXuA3F
uGGbEteQp2zaeeH0,l3InmK9AeT4vuogC,9DOZEb5mcUNkRKqj,gA5twjdzSPIwt7to,tCOnrWlFCTTh2eZn
phkOudkJUFZ5cq09,6MgKUeTvdJraVbEE,PIhYK07CPSJV62Mt,dnLwc0CV5Mb5xfld,qn2egJ6pWwhy8xHa
XsfP6O8fUTVUC7qm,FnTKzQhl4XRiEqi5,VfNf9mgD13C2V6Fl,DNvmFnBhzkFY5AHQ,OIt9wYk46rQqRwSA
qbvoMsGpmUpXu6ft,2MVa326yvfsYLrYZ,R0j0hHRLLoi2QNPo,X0B4eXyKeAkVUsFO,GN229ymkiIZGkt1t
G9EAGFKPNrHN46bi,1x0PX9Vr54pDJ243,9T1mX5GdbpLaoJT4,zBIxSZ897NSAoqSN,3WJZY1TFpkrBgqv9
8Dcka6JlB5NzMhGI,7UJ8jZmFLtOvuPg3,CDIsRQ92epj8qdJl,hSlFU1Qia7I9nwig,MZaKHoKfQtfnPICT
0wTBkaTXKqigSO1d,wrlEt8XoiBuJWpEq,T0UYhmmAuCbPgNJI,VDUVhHcLkVmTL0k4,cxtpUFhKYYvXV2rH
VzcCBvo6m3aSkD7J,fFBs6cCioVdhl7zY,1f1UHRagHkWCHvfk,mv3a8PETnCsniOKS,Q6z1TiGct9rfzuya
Ybv4RqOhDryAEE9I,wCLkAIXsS3B2MbX4,yQ2UqBECF6j8bBHY,IoYRQ9mxgEHFxFNM,4LutXIjgeFbp2LSr
IpoG7QD8NVJCfsyx,DMjLNajhA4IwwSi4,gZlH98OGfNV1VmuM,38kF6CAtLwkBNbUi,JqA4djsLDr1qKiGB
NHvgfZlZbMyKcIhG,4HS14En3f2wvHWq6,zGlL9T3XQKYvtZl8,jt7NyNx3RD6DN9sl,sVtlWP5AGArvG7aj
quwK5AW5lNSFCSdJ,mGu27rvZCHzOlzkz,aSUo1Wdlqs2UDEWH,dNVf4tv53s3PkBdY,bV0BJY0Yxew21yyJ
rnZh2pTOTVk9l6q9,scTYLV0YYAvyQ2xA,sT2zQOJkeptIvJlE,tHejhXBCoFr0XO1B,6nbbPNEYIHHjoMoJ
8tJildin8VcM1ZTz,A6shGX7xugAmSDsb,wVjFBl9ZMFWrhMGG,VgVhWWUWEDhJqWGp,I4CZStC1cWu4ZmlM
syrlXGzsZ1XbpJn5,ezBfKUEnZ4tS0RXX,P5svDvMILnMwmBcc,Fp0hsc2gf1k7w1lT,D8VMNbnyO9nzC04m
yOlxBhswh4xunBTt,M2HR1AEOK0X5Ao3p,kWx6cP3Qdtz2OoVh,CHsqksBvc1lYuYQh,tSNpUIxaEmPGDXGf
dyJtPZabi3jk6gor,TDhAcGefsT3G4zqR,SWajrLc8x93JH8MT,lt4baTxyFPoCcg83,NcBNILDxKKBjdjDy
J7oB2uwrjhkDh0u4,qxIx5pou7BibkeC1,Tv48WtSJOzMJoNWt,x50XF4WP4wQ3mbbd,7qCefebL8sU5CVUJ
oGkdq0hIheMOg75n,fNfGmMqu1hNusyo7,AA67RNVCTy6XNC7J,OpXwDlS9WE0CqtiC,VWX1G2cXJJA3El84
ihC7S9tHDNyEmohp,ahnSvSFAKSPIlOSW,mafl9UXkJrp6Gcvb,AYHMq73f1tURMjqI,PgfxpOVPLeNSKlJq
eIArdTSYdAU9ug0C,JV7KytPN1xnkcNhg,SlG84lXwPaGG43tA,bhFOn0xeUuqExR7N,7qTHsHbfOGpBjOaT
twtI9gjI8AzRW6DS,JeZOkhYZ9Mh17DaA,IFdDZoupxGhahEf1,FdDmkcdAbfOSzw8D,14RcbpIc4PBNXtst
6CwuFRcHmaTBmFAn,a0f8u9DLR9CB9NFl,Fd3bMc0g1JHDgy4z,s8JWbQJNcgCQsEGV,v6Mc1vd5VOFX3hXR
RCWahtVSkQ66pGko,1amK8G79tHjUPqko,0um1KCvcl8IqggoT,ygvY5MvdT5mNoPco,SGhkBag3VPDWD4D7
wMV8sI5DzttxbXC3,94MjcAsJp2BBLyYN,ke3AvdraywDZRpBe,zL4NZ3Y8HeNmoJKG,YsqNu7req6fs5GER
8vNWZBcAfjekZfwz,slmdSlh23x6Ijmtq,neJ3atBsjDFFNGbC,rOISxsCTZ7KXLRaq,1J2wxoqScJsu7lDS
EBbye9zildRBWXSn,BxaJ7PuutRCf4ZuB,e3I1nvJYGI6NZ0jU,CMP6awUxtvNYiiSl,cfdeV2r4XynY7J1u
gm2tV02eNs96weJ4,48p5rZRJamRLWKAS,VbEhkfRLnPwW0VnW,H7OhK9uC5fUa2XBG,mC0sOXPV4r8CNFxZ
4dNyi4bY4e73wMOb,liQjW28fJm0weo4P,gmNb81ZnaTxy2ALg,67WgB3XU7qTjtkHC,ygN9qFInvs9sarax
cHSmbl4eHlP6LWOS,4t8sgOxiSNsCVmmM,j3w5JBAhOHAdzUMk,0VjMrcUlJzKAiaJt,bZUN7rxm6YaA2GHn
TPMYVvTuFbyEHZoS,1y3RAloKmis8pG3J,SQ6cuH0GQkEIJ0ZZ,q7PdHzHF1TB0A1uy,0SnpFub4lkMu3qmz
spXAexpsryeUvdyd,dCd6BnV1s96qevJT,NXx4Yfx3v6Rs3jEi,5XxkYnkVoCjHAAzF,M4Ovlx4w56kPaTSD
xTTEuJpTXXuASWaa,9PnacXUgFSTbt7Jp,DKXCXEH3LNVu0A9C,EG38HCij0O0f0R4d,j6QY6XjQ4S2waeB4
RRLPTGnZGMvz1Bj1,av9PnEabzYBMDiIm,UC92p4MbIWZHA27M,qcUGv4OFCymFxFd5,4VX7VEjQrJWfAb8R
U2VOY3BXoAlCv4ce,tDps8YMZrCnlfNPC,vlRQJQwWtOW6xNOl,qgNl5AsWTnHIyWHS,yDSVi2EKzFk7hGAK
eQhUeHx1KsgPftRg,ZP86AMkBftEzC7oi,8wEfE5o8Tk93R6G8,gNp5zNnVwFcHqFoA,kaaG2JNaW0rCtlIr
QDcAH99gGu7SRwlh,oX9Tt9uZNDtjrpvh,1wl0DAwIsJyS2emy,njL8TjsKuzZUxcSN,P5iqO16KijQ0pEPD
X7pv5nxCQihnZ98G,Io7xlgZwYFei1cIV,Wie99XyejhfsaYBD,IqJWgYbjaaWC8uTQ,GTLvSlwpWdwopc1j
Y95NHiuYw2WiVy8e,Lb30tGhSyklUHyKA,dsNBSFq3k4erUdoL,Fv0CXi0AnahhcsEN,X1C2zFP4UHwjB0Rc
4muFyYViEbc9BkI9,5BkMsqeuetydKwAC,Jt2OmeIbqiMVKQUJ,LUKFtDMAC6tCrgGx,mTnHyULlcW8OhwzV
CHpFtCROqp4e6M5B,Ko46DWvt1n4VkAjJ,otTmMWH65MlcPaRl,kjf1pBrNUIblvAPh,0BcLdHiOs2h0cWsH
I6D4vLQol40I6Fih,vLcQvdA9NqYLpr23,uU9trEQKlxNHeMwD,KnbUOktkeCxksoIr,awt0WI1l8OJ4Uhp1
XgUg7hm2z1cHpFul,5R8EGL9hyz4ygEk0,Hv7O9ObSrL6Pdj7X,ESsoksXczcBGGKsZ,k36KQ4jb6fII617C
0jOKjRdim0KfcF3R,e8kmPZfJZ1wWFz5p,kCa9Gb9O8GFVPTco,ej2NipzBMkRDZSpX,I2kmdFyHj3pZGXqQ
lZKlMl4EDBT3RnZK,LKllk99hbrPmkUmD,LPPirgaKdPKYqoNu,GIZGwVew4g1KeDmK,W6zB9QrOIFJlUATw
KHAXPmKBoxxsuPBK,5ABdwzuXMF8K303E,R5iPvMNIRMeFpU4W,JIPfhwjsqzZWFAuU,1XiBCPvUrW99yOOL
gi7B6EVc8fhaW6Qq,mOyUDuFKdLnCyY5G,z3fKIRxRWTeMyYGL,YkTEtCAnifWRaTIC,avdQvyxM3NdkUcyk
0RjumtxNzsAq7ZHd,dGnFOOLPUn9Zsd5V,HnnU5slLOllMgRjA,DZTa7IMdjFlyluJv,wlbI4w0a7C0ImaBY
mLTCEkhjsRPo4kWn,ktYG9pe314a2WsG1,yxJYzAXWxGpeXMsS,poWaYFaEjK6EtnCA,vDRdwMzScTmqr5Ec
t73fLH9y0WglxxSj,1IXIfgEHmLQ7psLB,oRbFhDE7loNLDvvA,h5lL7FlIiLPWdT0J,Prp7jNLqE9LyasdR
9raO0pdbyj2DRUMN,k2vAS4nWCEYqPlNQ,zz82NbkC2GXPGQBA,n5W5Od8WcTQxDfli,IDgV3TtFt07JmTln
l4zGAtrNicsH3vRM,SKELlBAG39SrIkvC,O01M0wiGF6qpN9o8,PZaUe5BIHWIr7Inw,j07bNRNH69A6HObP
sA3vTOyZbn6c7xoh,E583ue4hfQNDjttQ,0cQdiwM3X3uhdjsc,OcwCQtlu3c9tZX1H,P8tG3hsdOUR9dSrO
XZCc6JwvB2EjaO91,RsMfXhmdhKUAmR75,hXSlKu9eAE0IcYrQ,htiJIi1lyDCq0bAY,a8t8lcefUAbOz7K3
qRneGpLjEtOvWkJh,Aw4TAJ3FKgrvBbK6,MghPZgR0h1XVLHs0,BGjcaqEXXqAMQc0y,LqxGDsIb7DCtaCet
XhyUQc0BC34152z4,8XuhFl2lQpKLYEr2,3NtNyfrOmnvtTHWr,sYdF8sU1nlBBBtaN,TZsBjNbe9jn0x4fJ
hFdXI74Xcy3J9sSs,Ix6hAPuMGgCWtOyp,QsFu1UdY9n7FXbuo,7F5ySs1pTGFslvLx,BSzUc2e8QZbk6loX
uPJdmNQ1IRH66g7R,eFODwzCgIhdSgDM3,7zSnyZahbb4ggL2v,mrLN3Vd1qxOlUnuA,oWjeG81DaX0tvaEZ
gmgEQgFLQRwKPuxQ,ZRM35OUT9TO681qA,OHeoluItbvIVz6kc,CSQCyUJpxgG7Y3di,5mvLrjE9ZmJEsLSB
AliB2g0AicbZkJ4k,3mjsB7EuVVnp2J3Y,XkL7rVwavoVGtI05,0MCldL0nYCDvpL8o,lNnkYQQZqLLsM4hg
WTHULz5Cq5FtEDyS,TB24AvFa3TFdcdRN,9samSxD6htCM8ZbA,freSfIcrksaaLGfK,JRLrR1r8YahWJkdt
z50kRSr7fIOqaFiS,7egg3c7fsiaaVc19,jz9NHpRTZUla7cWS,AYvj8F15WP1VMahD,PWowvuIV2bOC02sY
OYwfGSChADwEp0wr,YaBKYXJ8bvozQ95K,GClTvdM4V4v1a8x3,0GnCpGllhzNgmMtM,y58L0vogchqpj9QX
xhSu4wf3e8H1yOvU,8IDw1HqPXqMMSxIy,INLVhxFGtBr2HBWC,XZd8aSU58lSQBi2e,gqcwhPuti8oPl4Hg
7nRpzW4XCHphBb6d,CWOEVmCQRLhgExUI,Xot6mjXY6WDGdpph,oCJcliP3R8qCwep8,ZrQxjH4m15xpOAYR
MRd43YTNoIrASUm6,Omdl9RGFYYRIxKE7,GCQoKcYA1QcPoLUY,VWCqt6pBmqWK2bbR,ZUIxxh67fuJbFoH1
melE4oYNGwhgsAXU,0L3mJ62Y0cRwAXM5,c3QUgmL1x0eVYa9q,cZMPMW6wuVhmniki,ZS8BeYrRr4Y3OYci
HK74rkugQpc8Qsfe,wJ7pPjngg3b1rkJC,Kt5vRk0nkAD1sc16,ZOPROFHRdkTIZ9N2,7ilhY4onLZaaYegS
yI5yL29Ug5gh6QuZ,uyMfas0pdG7YClXT,YJr8pw07BR283kVF,a1lRMDCrZ4wtZJN4,7uW47uYqo0L11UC9
DuSNuecrXIOizHXz,lXjtV88UMRxmbCKp,UKFSnGnfaJLqRFcR,9pydzUVDS7lfxlPu,lJFNemeIEKXRUb9E
7xiSFbrIxjid3lss,jFF2OzwIgePsUfBs,Xv13H9p6KRbyot86,QUCUNbTVUiKrZjYA,25vPkvdAFECpUCfp
g9sByjhW8KkVlEYd,ph1GuNVSZknDBIzy,ZkLFsymdpcE485Pc,ZryEmIKLw7sZtzyJ,lSKWrmOaeUfJD2Tw
qaPvesHv1u4YQIed,sRw4kk6WRcgZFzw6,QMC2LnvvqmywMy1q,aJE5Pagqmo3ZAOB2,U1AtoSn03emsGyH2
TRccdLk5YShatn08,srMP4ibeVb7mH1mN,9ehxWLiA6CdOQomh,eRUtcyPUoBB7IxE7,KirVfSdHE6PRhUkB
ISRePJ8c98UN20sQ,6oXgw1ZQPwPjvnZj,RiUL96gtqwGm8zCA,wds6hg5m3mGxc0nM,SfFg9QOEPXMrB4sy
Mo2jUo76EyrVmJ85,whYirhE1XL7DOIzb,VpxdLDGebCo09rlR,932QQJLLdEL5jL0V,HcZSNQ8hPdCk9zXk
LXAQzfvhP01pe1O3,TJqsxKcKVf7WyhY8,SLo4Yi40Lx3X0blK,5fvIn1yGT3sBJ2Zl,K3mOc0LcyaeRC3zB
xP29PcaNpNtvu7FO,UXdE7scPzQ9xAZQi,Ki4kRAUKdf660Nsi,m86L3tQwshzBObE6,DPwFzD9MzV9MwVjA
avAvVdM1QQI0Xq7f,jiSnlt8qOsWAZjjl,W34NlFGnHzzZLr5S,HWJyv1NBDj9DueGI,uZjrPQcPSzYUSlau
i9RmZ1rNUm1Oa4sO,8wjMkjOwtaAvH851,42okah9VWj4nskrc,BCpfIpmpXwjeMKbq,KVi7cEZVbAWR3s07
2HGF4Q6HfI8p3qYR,0L1HBIUZUgCkiAzk,3sVHeaQrRy0Vyf6U,552UWzKBkgwHXbVt,21PW6NhvhwywC0W6
DgHw2glLEUyMaUT9,BTUOSIBjvMd5tAKA,sgfThschamTWeBuv,u82v90bC8wpTePbN,81dHxE0ERSVUjYCi
hHrrnBamLc0urGLG,CtMpLQ0oSF0qpyvv,ZgfuAKdxaGWNYdjy,sYTAtv1pF78uUVJ2,2VZnhQ6STVXtU68R
SqiUYFAiKpKdBK0U,NxX8aIJqtIjTE3wO,wBRleS6qftUjfF9a,jMJxl7rNyyL92f0R,R0RTfLA7SJWYsYjt
8URpdRHHmoIoPRhG,KVIBK2Hc6d5PFyGT,W18dGbkZ9jSYJvTn,TDO2OeAPtSyYdDGj,hdpcvqcFVbPnAfjJ
s9qgMOaC1TkR7eTM,desopcwiHuMZ8xBX,cWoxmwS24vH4c2P0,v0DQrD5WGOQUQJtb,JC9H3qgS4MDkpx2I
00TwPaedZdRRAeMD,EmoKy0ff0iNvdBuH,SKlkVi8BKd6zNBVD,2js5rAUT7hbwGGYw,bGGtZtaZGoZXsUFU
e7WaGnsS5IyO7uxL,ktcdkupkL7yjPiHq,Z3f5pixnsnAexuNr,4sqy9y3qivwGnPhv,YQbdEgw3eEYwHBr7
2bb7R3eUV63T8xMz,rIgomeG1wRCtqJX4,CPxwl9rzRHW3G9EZ,0P2ICdd6179ScJGQ,BTd8SR2PpInAjo5A
ejikU0Ta4Jjmxadn,xqNUokvM4TsDGPQf,qw4PHxZe7fHkI3m0,Zw08KugRJ6nUiLVt,1p0hKz2M5L1gr8Yz
01XEvmP9mUAENJVg,bLCdighhtmOpHarK,3xHrrWQOb4AbLWqK,k64CzyG0GA8G7bux,v8MK67uVkkqYE0Zx
1mypqx9LIQCpgc2d,SPd4f65r1E9lfKh6,A06igjTj0fqj2Ob9,QgOM0IcJ6hJRhy8a,pnGwdWVYWswhv5KS
HQLfFaS918QjGftj,eP7VoAdgn5U7q130,eTWa93N2eVjEedj2,xA8mr4KXHvbmBEOe,t0nPHpbpTeAnInQp
DGRGmaXYDH3vEBNA,SipcsYFBXXhGbaXA,cE89Pa0XJBISZpRd,M7AdZGoV30doS5cd,9oZ2AHIWlMD9GClI
2ia2eJMCd06lOHa4,QkGBsumfn7jrDedA,nC6XUmg0fq3wECAP,Pj7RUkWQvrukYoAA,Fj5rGdsYwRu087Ch
xtwpQU7tUmZ73ZbP,k3OeZPhDXWFRCiT4,LI6W8f0f1KqXM3zi,7oB8UviSxIJ4rUkQ,oClEstS93itp48qU
DvCwhD4xOzNdBKgv,R7pWXuITVFgqTJKx,ZDFAhMKEWItZFwoc,BTd2Xs0k4uzXTJvx,EK10b8tEZQcxoCiH
A8qYL67WudekD8Ra,PLvBZdW2L2KsuOt9,dSmDgh8o9puNyHrk,5NBzO0GqzkWIWwUh,yx4xTrYvUBo63qIR
e74VhGKBQfP9N2Gt,SyYYoia2FkBbayHk,8Naj2jmhFckXDLZr,UGg27n07RTN5jlh1,EPghO2MkXtiA8t5V
sSqiGnQDgAtOmD60,dX5AyFW67B98E5Lu,gqq8JH0qt4qwS7OA,6UnBMsI3Q80uBwIU,5b17U0tZFBQyRYBV
i93MA7PKBw8KxByS,A4bniqqmIufK8yec,Jxbk5INhwG4ZfBda,I5AaQZNgQDJEo3XU,FJ5gP9ADEQWfmQF0
qAtsgVEAvCgqxjZe,gG4Dcagx7gsyLnqW,xcshMg3AGIr5Kyti,Gduqsc9ch11iu5Ki,hCPkM9SlzIA1FlDH
nUPg3FjYTCfNw7gT,LlLjuSfTFH3xqjb4,AP3oAckD9TMvsb1O,B5kFvwr2A0trmCaT,IQfUnzbtLFflHirq
AYIRjytI2t5cCgM7,TD0CyxcpudguFNA7,Gz2YDSYFU4BmCAQG,MxchNlPrZHsGHwl3,IRDAA8PWqgusqFSh
0cGrYpCMFl1oYxm1,NIC6RnKpGtsJ4MYz,O97Rb9XFoW0Xmz5L,btngnh0lvuKg0iAl,aXq1GheZemp27N7V
HLaW3MVqJnCX5bry,sLtRWLYqxa3KZ1up,78fbDmPcc9J9e3HQ,3jSM0XY0Tpf3kl8K,CyCsWbuTB9AdOaCN
zRuSEx8ALdFTIbbN,PGxABoTrcNdjDAf2,592tbR0GrHCjRRw8,WlR7krFge6jxb7M7,HdscdujuAXokpEj7
YEEq33kQse3Tszb9,gHgIKfC1GMzQZDCe,F0KtS9ucCqPGTaPx,1Tp3LvdljiN2juL8,CsOvYcYhsuKgfcO2
3ePaLkJcZGiQF1G5,53NgmSQz6t0AklSM,Fht0lsG90nFEwPyW,MZZgysp0UZzeJC6u,SyTF2J5gPD23GXO7
yQ1jNnyjQzKH1fXX,7EG0PwzZbRAKyN0i,R0F1O6Vw54EnF3y8,doaomIPKX1fiMYZo,rw7DGc2MBFO6L53K
Vq8aQt5BUH2HDNq6,Dt4UHG8V0DZMZcya,LEKSdvPej1KQPO2c,bTzOOo0pvQyx3NP2,zaP4yHEbcSDhiHDI
HXguGrpXnKe2bDlx,Kt69DAfFr1ET0cgH,qepWIr9NqfNoKFzw,ZQHtFXTCedeHwmVs,WCQnRmkrFsi0Wmdr
0aC8XcQKZOoZef94,dRZp47R1ZinYqV97,X51tTRXevcJlpg1Q,RBPTF0KcCP0Rphc6,4Y2v7N9XS0hQtp0O
KDHROZqOA8SJFP6f,ClYYwKKkGVpFqkZs,QXPKHfw83IrSCTE1,ErCGY3KEZPByKFPw,3XpKH850nBkoXjYn
DdcIRzXoCSRuGKpL,gpdDS9oENOK0rXXe,HDS2jUjXCz4lkBsE,ZdQIuXsyZfeQuAmX,RSOc2WRjWL86GOAa
taZDrHK2Ooluccqn,RqJ4Tb6gjVTvEU9Y,xsAjzijeZqpo5kZv,XdFca3cERguyRn9b,rtagcMjMe2IzFVWE
m60PyBvooDRoanoM,yvIcBbHu5Qf21mpV,hnCYOL2PkwynHCB1,EKVy8gLGpI43Fu24,xcymhYSrdOTASnRw
u8v5tPjKIYDccW2h,6l6xgwTtgkJ9kHaP,p0JcGMLS4WQKByMj,4Gt5Kw1GM11QzuR4,do8P4kdXxDyBcWoO
sTPQpP92tnoKSBsN,TTYxPZAJbAUeq4mN,J5uWFAmogjGynOL3,56V8YLjBdJhX2mIZ,KbovNxL0uhAQxtwa
PKc1p045dH29p1fg,9e0we58pBo7i7u0F,JEVKGbdRwg0H4rzP,e9CFducrbEv3ZcXs,HEz7D0n6PE8N7eWL
HGJv3Xowl3Iy0OzX,snhiGo2NK3GZWLJU,e81XO6P5P6gC7tBw,CP0XwEZ0cEWkOUK9,wZlCUX83zCjMmmqc
4zdvhbj23fBI3bKj,BDFGxJC7CndPre82,htmApmI2w4TCRKMl,ezM7XX8ilvAaiNyY,Z6waOOMzRHPVnx1V
Pr32T9VgmumXYN52,YL5DpMv4qFe5V9ha,iSd7lTxeI0Tlg3kN,Qiq0iuHefcrDEOls,wB6tUV6jWHRIJjHd
zxHUJA9vkV8chjUo,ueRmoiEkGnqE64pm,ACOYMSrUSRi29Lk1,HsjoJwKXCMVYrxGw,uqk8dZGg9XlGjCVZ
0XhCH2FSnjeMjHjt,kgPb5Ao9WGMGe0mJ,9OQdtVwuOAG5PGXl,f8aPaJ4tLrx8mrrC,iBfuT5jUS9vAhqR5
6zNAucqDOlLSvVWY,RsMSWSTaTRy5mTsS,0eglpFR2DkFFktwS,Iqb5N2MYZQMspLyE,VoqIw2ElnqhfqcrF
XV4prtXqWVaAv1oD,QJ70TOa68fmeddZS,tRot8uVbH2YRKwpN,Ct3zbH4o0gHFB6nc,a305oWEgM5K3e8OI
aL8DR7TR7JSb65IR,eCjxC3JlY97drqxf,NIs3Xj9D8bRahRIo,3OHVXQKd7qGpeZRx,qxEeMsqiFkcMG1u1
XMcT79J18LQkT3V1,ElHRoGjIQd3iqOoL,nTRDkrg1mFipqJlF,ahTyfUrj7vrePOWb,fOcOdmgRe60xlt0y
vtoIALPbkf3BH3p8,VqN93lcFJFfdXHQz,IYy5NyycXU5Q9DXD,1ApGCX0pdHvecDds,WhZ80ZwY5EQApcqE
QxqXf5yWZszfR02e,P4ZuOmF0YAnR5gmO,3WhMy4iyQasTjuAm,voYoAoOYNBLRrHXr,UvvagZGjBdY6zIh0
LWTIxtJYDqJn2PWa,BGmy4oQO51UcD2GZ,H1gZYRXSxouhAZIk,Eb2K1lJokJ8YqQFL,BCrDNOwaHGqxdSJb
10RRoLFzSimLP6Z2,29tuCcga9YUzXZvC,VnoN0xUlLqcCZfhB,h7MKIIurRjzbThIO,ykNHowHQMtVydBIo
m7vIHNOvGW15C3fM,oiSL0i0Z6wtF0aZO,2b3cTwVO4B63Yzaz,o6yzLogBtgbsid9n,hZAfJdNOIf5OljB1
NRu5ikreGWnbmjWe,mGJqOEL1x6QhmXdn,QN6IrpfHF0YtQPKA,s74xOot3OtsqsGxE,ttNp2w1RQrl3kWPs
CeKPL3sVGoqBOgIv,FXeyJZd0ROrM4wl6,j39kuFzBuJD8x7dD,amshUSP652lp8GSC,rvachZMBPIz1vYYy
69N8v4qyBHvYS28I,vQtSHSDjy4mpMlYI,jeuq2k2V0WsyfRSD,XC3Sd1jcRiLtJjri,1XToc34cgfKdAGCe
z74hXjBfqPA0QCzP,o7iC1VtG6BR8Sq2q,xhurTdAVHcdz7QMw,sV6laFmuKkoNwZEI,hZq9ZrA5f7RJBJdo
SrnroRZ55uIBh4Mr,kF4RA6bcsgIJBrZo,urhi7VI6GEYeP8hS,6ddxDfipUsar6Die,8FgrYOQTxD6gKb5t
0b72lI5S21NH8LpZ,yrIbjNcoq0t4NvRH,8osZzScg9rVUKvQ2,fXwGTw8oMlojJhti,Z5GlpOLUvY7P1NBN
Q69wiO8GzYaYXsKJ,r3GnUhH1OjDuEf2L,Du7jIrelhYKX5lFh,AT187ntn1pl1PRRn,XDpPW9CqWPWhT5PQ
52byrG4452reSjL5,JcsEZlHKg4YRBADJ,wZrUHbVBC9JkIdnX,dfCq6Yi9HeGbjYF3,QGqUy1JraFtj9mg5
bdQ3Qvq6D6SiB3BF,Lg4vNfTQTmjLj9i5,I97QSSQzcAMyJJGI,FTb54mWxvEvEUd8D,uDck6hJgn5TDXCI8
NW7rHWhbbc9v7fvz,bRHD3f2tvjnj0ba9,yl9OhsRyoDMrNieK,R1WVjU4QdfBfQLjg,PBKeh24bhhH1tlqC
IIaWpOKkfLldDMK1,eyNIVBTj4viwsUjr,z9CF2RYV1l3fWoe4,N2IRgkUSqQdaSzXf,yrnNHXMtEQBo09ju
NSJgXLIE4ScS8Hdz,w38YmNm4bxGfpJ8y,zZZHZXEtEsxzKhEx,k1kh411c70eBZ58i,P6Or401rpCYej3Yt
UkIBMKyIX91IQLbt,iTMAkvvxsXye1IpZ,Ct2czcg0LYnENoLw,wVhljODepUKwBIAC,9q0aVG95rbjFOWfM
55uRJXueTMXD2wnX,3MBIXVfgKK4Uf3FS,m0ESqoXZz0zdQkqp,RU4ytx3iA1XoO51M,yZ6BTOSuDIabZfB0
VL3rq4xuJvKCMk08,sSwxRHzGPafLFYl3,6ztO5scw98ZY1Mof,2iS2vqyV9Fm4OHti,TbHJ7pipnQgWZPIx
VTs5Z37w9Rz3ROVw,fpHTdN57SyPs2adt,SL3ldb0AwhEk2yEo,APBBy0sxlKZkrk6Y,Eepu6y1TuaFZkO18
j5uXb5T1IXAaLvja,htk8Yx7SjUF6Nqom,VwO4Mh0xs1WW7tbb,JZIJLmqUxuZ9Hqg0,RAWnqFokznRxCJmC
eHgbgMeq7lZGJ3a5,z8XrjCWoamJoDPDx,r0hnUPLNthRzs1B0,iWtVhdRI9NHb68Q1,oOFBtroNnpPsY1W3
32ATI6Q5MEfzVTyN,DCeqxVMsFlX8snut,s9jIxWvd5Of1iKOg,dkHYsSdORm1h3ou6,hGwtb8nysnaa7UVY
LsDNjk7spMMJYvqG,sb8dtz1L7RQcsBZE,U725cn7F0UpM6Mpn,1wHcg44sVV1Yuc7Y,Xc6eBpe2thmwIF14
qVylmhFRaBwVkj0w,sAfghZJvhhtNvjFh,fUOuKHlJ4ojzw2vF,nOyttiUSyejGUIah,Z6DbAIBmI6yu0jGo
HlEWnodQHAEMwMM1,V7lmBVa14VtsG09U,xYSMBUpHHYn38sfX,GLfvprSNB1i82k4C,vFTidxh8yy7zEymr
VTesbYZohUDKtbPw,eLuimEdFxoRKetEv,JRYoNdnTLsXOQDXr,txkcFsYYKR8faYNg,FWal6Jh2l3jMUbq0
mPG7xEFCPLVnXLAb,HJLgTiCFfPkraHbS,tWuZFX9qpuEDZ3Df,khbpV0JNTuy8Zmdy,biJz9hsfbz2wy2Si
MxKQ74ODoPEBnOwK,V23BHwYlqaumjw84,J7GypSdPued5oYqX,q7XuYgua3eojwnCp,SJzXJcJpdPMWckla
obMyUkt12zGxsnD7,SH8qR6Y4ymFxyMxn,yYxWIlDcvnIjMmef,O73QwNrh5BTh6rrW,pSewuKNfLM2QBKli
Lhar9tIGUn3ky9Pu,p54bxn1FBHIcwdLl,EhaKRDpLmxprQDzi,VDe4kTT5xR1doFYg,Is00UXGTHx7746k5
JbuvSbMz0HhdY46i,wo9fAGcwfJx3b0JT,UyfIwR1OGp3g0YHb,hX5PwpeariKx7iwi,il5JE1pParpLRN07
aiESmLIysHiGo7MA,2DPbQm5XxzxB91ax,pBKGsbhqvSlsRPyP,MblRyPX08qLh7Q5p,eBJoUDGN5qocbxBg
iJjLVRGs0AhdMwd7,BMRlYFOpRog6HLsn,UIxOA4ZZ7dB7Nmji,GNlg88jUJhSAHFO1,J7dL9kU6uBKj02o7
vk1YC3wGD7k4oi5i,p95puE5hBCpernFW,qovp0YMynjjTul2Q,dfdygqVnCSpW5cBl,L2dceKHarBvxEK8a
nZn3EgCR1aMgElYq,FA0MSkzKTup6iw5i,FAtd7VYpDNUPmGGT,JDeVoNI5dGr4i7cJ,oUGnRQWQJpPYC33I
Y1jtcEmWC1HACeje,5t0XEPN9MSeGWd57,vRQMWsY30jkGbF2X,JByZMy7msfzAycmh,qQxJQU3RrY3nMVtF
7WOz5Ar9Ml548lrn,lHREQLnUuwS15488,VMOkVIxcp2MCd1bP,vKrPz6o1POllP73n,vLqym6WeeZvnkHuO
DAAwuRYgeX764noG,wXnZlzbE4rduZ6UO,iBm9tVTHbY7iFfza,1oE7JRulb14o4Kf0,6TjR2j8OAxxI1DqJ
mxasGhBPoYGe0hNp,PYQXZKn48igoz0rK,V2XCkGXUGAkKBkvD,ovy4TtYrmU2ZinNA,NOkfPbS9YzTBVguK
z7kAjYj1Pl8Hmdct,57lJg8ir4C1GIaFv,6DstgAIB0iV6jeQt,0g5dcty52FXjNUFI,sUON4airpipmiyvs
GYEFR0bNGzjM6GKA,Jd3oZmttigepKbxC,baUD94Oh0i03lOg2,2kQoy0ATsjyR7FhF,JnNCpDqK2Rs8Mf0q
pqppFwoXVP61xQwS,xCKoi1KNSbeTaTWC,1GuyUH0Zo0VYXAY0,0O6vmFT8ISabgAHC,a7DDhQLa0xp96XVP
ZTKjbaXnA3nqQQCE,0PB5aO2gyYYTxuuV,IqAhL4fEuc0kczz0,opNuw69fewtwKGLl,xeRRiZ9qauqw1RIA
fPJpySskmI1Y3RPv,C4gKRMh7dmon4grZ,q5hyE1ERHJlckyLY,63HX8lzwws7V8IuR,0rYC5z9i1d14xqLY
swnQ51EJoR8uFf4l,s16vjsbr9WAJhHVb,41qec5Vpp7Dvu2TY,D0AUsPETax19rJ2S,3eU18oyb4DhN1412
Y1iaN0grYQxfr8ss,bLaDV8xmtoE8qhpt,KxzlJcVqgYtqF33C,SbJCyVowueTrUd0B,ebwedh17rKs3G4c1
Cs5uzOXaU2bmNXZ0,91ZgOSL2XeRj1vse,l5Uv52FPiezG6sUH,uxjeW0ay7tVxM3tf,ZAEFUeUoNR3oPbbR
inhAR1jA3rvt6Qjh,N5apGMux5EVt5XLV,EYTQil7yyeWg6Ayh,EfzCqllnsq1bBCKn,x2e3bV4GH0MhkHKO
AkHiAJkbzdsgzMrz,JhKML0GBIq9Ti9qL,amboOtAzCTr8ouLt,JstXDHmygKj5APE4,iM4dB0Jv7fCHnp8z
ewP5qScFVEgStcQr,0fwq4ygHQShCGpXs,DH4u3eGjiiqqMePG,gzpfBRMNimgVIQY6,ZRk9ZGx9KhncMaDr
2ad120TD96Xt9yy1,EezQHS1sSAvX3Bxw,t97BTpKYI0o81d8Z,gyHDnyUclIqM08YQ,6ikito4Tfrg8QX0h
88GgHQHuI05cl9nj,ylVxIv3PncdUtAvc,t0PYfwXAJpp6v01z,6atppZmlyF9Gd62z,CUx8wmsOWhriyMfJ
TIbhpImRdootmNC0,W9rjJGOnuCgkyCyr,2fIPpnefpxe0T6mB,pZ0Lmq024OWxUUtP,uE1kiDDY885tenRx
8lTvnG7PjYrOYEdg,1snQ3ULDerllkmHB,L9Z0nwkND6OOvpLD,qTPnIc8O8ZEvZki8,TMc6Js9Euc4lcs2y
E3hyADkug21K5m2K,3Wl83PmMDz8U06CW,4cPuC1dbTWRVJ1dc,661mmwWSJYhBK7lF,n4qlO07k5oALWE9y
9wfydiDn4kBTgIkV,KyPYkCj9Fo8M1RyU,SRA4cVV1jLMLPQoE,HDC29WyoRfD9TotL,uJztNiglliIZJJ9D
OJkoqiBsqiHURH3F,bRMOG5K4SlHxxSph,qI7lvAJS2JNQPAqK,epsX7ExOq7HpAFSk,Tqn6Z4z0pgIFZ1M8
vYsrtyyvBMD2imTX,JB5LuUlfKDhpLIG8,PUCXBwvZxfj4MSze,VdijcBKFKl16jsVq,ltHrnzta7Faden0U
TrqT9FDxnOMo0b6Q,VZ328jUbrcUmuiwT,D6t2mM35e5uL7LA3,8rM74AoqcYc9y7X0,V8kT8GvlclgtVmhK
CooJQITYeWLoPULs,Qua8Cwaw5oVTCtW2,UDsWcerjtYPZt3l2,Ic86nobQxKLuVdSs,6669WEZyhsBE8WYe
e6DZsKm2aD96dagk,Qrj5VIT3b9PUh6zX,OBfHiVrU22kWJNri,77MGFHtUeYPMCBi7,IWfdtxNlv54HuQRK
GQ5rfxUlS054KIcH,MtDdp0u4ZhJ93EKC,5rUGinYXhJeTZ68I,E6dlwOV5g0C7Sffk,Kmvy8fyU08rJLJjE
34m0dYLLWdS7EaFB,SzUggN3QGT1ja9Vm,bKDDIHvdnNlYI46o,DbdD7Kq7bxYSlkBT,kD9lHo9MZXBfHana
bXtMWlKyGyLP5YwJ,pIwqjB0CkvncbPmd,EqmYI7eRcDixMR1g,t82yt5RWOuPr3NLA,dlycZ3Y8aT6bLjgf
BZoCPq4ZMD9khBYp,YnsPyLeIhIL1Bpxw,75wtpNgapfTdw4ip,IRe8yLU6hFhaEESc,nf0T9yE4tsi5m12D
h87Qfouhd90V0CBi,7fVMEPsX0H6o2Ixq,sYJ3GUtE1hXIaDVZ,vSPKIgJ63HfZV4N9,CUHO2x0XWcl1Fjj1
NA3X0RQSygNlsw3z,b7M59ULCzombk2ge,IUcLwDfaHpJ68rMz,Nv5q41wDJGlUuM45,02XZGNwhT2UpYtqj
lHbptsrkewlduoXh,jWMs7nL9hpeWpHrI,PubuKhxq5oLsjHEB,gtFo5lqXMp0ClIAr,9eRta1hRphTzDGR6
qG8Qwq9PsFxWQwAA,QimM7a0qZhcgrp2N,oeLVC0OfyMOy8nAV,4TUf3YK8sl0Y6doo,sViB4n5d2mxefZiJ
a5YGkNgPW3OQtYly,JGnq1J3by8ii1g1o,cbOhdQqP3r76WW1j,tFNyjIY4lhzwCHyg,WwDr6I1kFPRvXfet
KtIALc96AqDvdgDL,z3wyq7djleySaEY2,SpMzVxBA8zDxoxFT,DsINvsc92D3JMiO4,GdJtLfa66nofRYDF
ta9xFkBpDHdeTeIe,x0mfCgcgNDHM1scW,Z7y4IJPed2onkcxt,BF0t18DuNp9I0Rlp,cCLhyWEvfUUN0rTm
19Xli2QDCQXaeWcd,7z6GgkivcZjmXtNb,wmV3bhj54wlsYHvE,axSftJx6mqDiUUqP,ToJXS8xVn1bl44IT
ybVbiOIA24ekZzOV,JqFSrjNKwVB4ntfs,RD2bTaa2WIzxA16f,dQboKo5dgvNp1iUI,BYEk3eEbm2UfyoZz
acewtdmQliZqC7Fa,mHph7Zsg4oFtRX72,qw5NZaIsI1fcUqjh,DnzR7UBFtFb74LcS,MLP0Fb2NqwDSJzeu
bWK1CN0U5pJHm0xS,C5Ahg4eehO3UuWQq,vJFUKnFslhimLciY,RjyuWw39FidOgHFL,wJrgpl50TPdYAiBt
JkgnfoFvVsRlypOu,w4PArKdbOHcbWaI5,EA8DlWZpYrD9lLO0,SHzIYMYzKOhYFk0n,XwPSrdGyGD6TIhzl
3HqF5MZwQwtN3aJ6,t2PHXjQLe1M2vOqi,BlMl1n1uJ7jByR7T,Z7ziVW5hmBNLRfpe,RYSgMtzjr9kUZJid
pPT7txd50YNS2lYl,ucuoP7af8uExC54L,v7RQUGE29b0imKEM,VIE4z8IKjfy9F9P3,Yal7qFl66J20Qwrv
jopldNMtskO4jqzN,FTqPxNnY8SYI5mGh,WYQaudpWlsARtKvx,kWQBAJFl7dnyOMU1,1o3ATLQU4HsQ5n4N
g8Z5sDe1P2JL3bIH,k3j0ZOQ8W0qGjIQI,0NbXhAobbqVsUZz5,4YRFSAuyY8moIApB,aB76ORFRHLgLRiGz
K1avRDUUOHYvn9BO,3GWAaWgWQHYMgPwS,4cJslpSYU1wp5Yw9,BQRwx9EA88c4lAR8,TKn7nuXnbyoCtSeV
Cv1fFtBVoB7GqFyM,CSWguwhz2C6DtZ8C,U4DrCCmGSRI4fUuj,0kP33HQ3B5KbfJgW,iIPwLKnQPByDYngW
1UfB3iS2OzlIkwR9,f1cWRKd1DuVoIzD2,XkjaKsIY3BQNvMoL,3Z2EviJAolOdYTI9,gJXs0GZMBi2Xpuh3
emXtyKgsoTUHk72p,dSHJQ3wVxknw7cBX,chExXlqYQuTu95UK,rJ6QfOQlveYAikqJ,H4lFp1sY62pTAN8p
HikW8JOjFM5o2OXV,50x5xdf35FvW9bdb,hptBzlMvyhsBKVV2,qKNUgl19FveDwDSJ,JTt6PFXD4SLQ25Fu
YV1rX3Z77pLHzfpG,mwX8kmR74spElwgI,qczWJhN0yzM8R7AG,aCUDsy4JuMalx2DV,bqcSej3teUyPjv2X
OEkFB6xGyfuz41On,0nuIpS74vmse65dp,jBywAJ06AgHxadZf,SHDjI0W6zgzfBgcT,h0FOZMAum7kZtDzi
Lt4BFDmaXFCkcZcg,4KXR6e9Cs0PKPDp8,3azFxiYfXnS7Anmo,FNai3e8muwNvqAaM,dlKL5GYAmEzOBwfo
7NWaFPGKBQCkZE1k,MDDsXPaVl1qO9Bcp,AZrNbYLEwygX539a,4azmyOLQ5AqLOE94,5bWADStIlynsPNSh
t8WSxiMJdrTaoMaN,OmLPbzQlveEl5T0w,Y5AdMKe4VnhAzvWK,WgMSO2pUcNTd3WFT,fzu7PpfhN1lQwTLF
pjNLhqRJZALw5tmd,3z1LPpbCD9Ak8dCJ,mLSkR5pb80eoItWh,ymuutMLVAXqa6IKC,vPRbXcEQGRnyAzE5
rTRtyUssgUnDs7z2,mBG5Q39BS34lQ6zM,eaNIbrMVHnd7Pq5N,jJnlHp6B8qVCwet3,GT8dyZhqdE2dWwLG
YTAuCHeYrPYs1emZ,qgug1YqvGb5VJE34,eqGbDkJpJjCN42gA,XAjYQC4lhYTDTpTV,gNRYcZO9x8WhclKI
vfgULldfVHodIReG,n9dKR6jeANgXWUuY,3qJCvifrPH9ZiUI9,wvea40HtQzQ2iC1e,mLvmdHXyylV5RRkl
209XWy0UnzMuHeor,9K6ezWR1SLKfxi2k,Kb75ss5pd2UPJ0ZL,9De87ywoJ7SH7rtB,sLNJJe6L6JHxv3XR
bgICDoD01QBo0dK1,zuKr9Pon2OE4q0P8,4ppWDMpANFRe1bfB,4sbJY24PI5mU4IZF,9hIjbAAK1X6y5jrJ
xdhwz1MohhB5D8Rv,fNQKk0xkh7PwhGEf,ZTrM35ISNpGikPZo,ZI4HxxZYijtLfzUn,Bh8MdiMo9TDGGuIO
39ErjGW1fYR3LbJO,kvlvWwJ8vGiRyiJC,6JCLosDwbfuEMFhb,asJrm1AA3FSqOtKh,zkKusY3hCLW0RGMF
Pl8U7CUDRb6utFNI,2ba9rqs5MrgDs36g,YVIqGvNBiJeP7qCn,DigTebTSt2n4ngNS,mR6dfjurCxeKThAa
v3c4SZFeunvkB8rZ,ctPc9pT4HUdAcgtt,OgdywN9dKJqt0kaX,ZMc5iU2YlssBXFGk,NxowsrJnddTL3c1n
ydWp1X1iaD8MIbiP,ozupnC5FKC2N6oVc,P19PSsSMRmbzE1Ic,jNbVGddmxyEwpRA4,3HpgUVqTo7xxe7e6
k1zU7yXPPCKwZXNQ,jchnDAq9dFe6h34H,aegEDjjZooGBW60y,r1jFkHxTaZtIrWa9,D9N8r3I1VHxEzSdq
U63cfu5jy208pWNA,Xn7XQjqNcvFlkoc8,HMdtybvsGO0vqMZN,4a51of1pJu9IUscI,sZSqDno4C3rTuteN
8wBiItCllRAT2zQe,mU6tzOaKN0gacrCP,ZIpp4VGVHA3VUqK2,t0QyfG0mCWo3Aw1k,RpjEZpO1uNmX1AT4
I44QTSb4PQtt0pmn,M9syUqlx4yC4dW2o,Osh3sok05mPgEfgm,sqLvYLiqCzLHqIdg,xaAR6moiuncjg87Q
3FVUQdkNmxeKEwts,Kt3qIzB4v0rLxEL9,H4wRHVV9IuX7jJPn,BOmSf5Zl95SGdXgZ,J8jYxXqzyC6epkcc
L4HR7Ud9hULAO9dZ,8TmKl0QMBt69IhiG,R427OKeeUIicor1z,QIKZK7PbEhPUc1V0,KEk71SOUGm8z0i3f
WdMc2qEnBdyC6bbI,tNLaVmcPfrLFZyjv,ULXFHQBe0pmj3baH,cXXUoicJW0OifkBS,ewcOQnZEcevIBIov
WKVlzIn9G8LNJnBR,pWJbtoD9u1Qs1Yeu,EaqiVQTaj8ic0dxQ,W7S90mYw7nBl5ewx,BOr4fiNjTOhO3riK
TR9DmLs9dCFW1NrJ,7JeO1ma8wpozXS4J,rxmE6Q1OUCxeXkQ0,uLNxqqc7oADmPI7w,vEQRaydqmbsRhyks
erknExooK0np6yBv,FIU1ZxCiUd3tkA49,2c7VnUmD2SV3YjNd,DkIdubevNjDh8CmV,cvegiZXYy9GKrkHG
wXxfq2zOPHd49V6C,1yYkdVY2RwTT1W9Q,91bWyjEhjyBd5CDs,8QYL5RPWfhTUZj9c,3XdTKyrB2wCRDiWV
UoSWTJ7OlPdqaDbY,wkk84j1QJNvaxLrr,EzAk5Y6kz34gWCZ8,nn5fhgZzHP0KicKM,BA11K0utt5EmCWo9
AhelgWlEGfIF2YM0,QPPEgNX8YauBasCd,Iadejr3j6R4UnmvW,QO243t4HOQAFjEpf,lWGNuj57oCFek6SD
7KrquVbAl1NyflQ7,UEG49KLt6s3dqc3R,KB1VyUEKRpkydaHt,uyB7hCGEZtWhRpDI,T57edOXnSdUEkNSW
FYe9UN2eYEPk3vgm,ymYRa90Umj7kblZK,nNQMojKJjq31esHl,2Ju6j5VSahBDomw6,LV7l5SrHm8CoXjNj
8cmQftdtW3La9a38,nPll8beLg5c8pvdd,o5EtTGS0W53gVktg,A3ALZ62DJSpHc3SC,q0HfHiTOFO94Hq2W
TIKtoUf7yhzjZ7kL,sE0Px5xdq2BLCZC4,DS5xwxqtixw3gh3V,ev2tEs85NJeUNVHA,aZ6ZbwdiEzycUkrI
Z6LVjMj9XGvadjjF,8632FS8Htk6aOgJE,VFBSgxFayXsnL3fD,CvWkuQGIrnZSQ8Rv,S3i1GNen1RIPLVCA
PUso02rw8VTGVtzw,LJlE4aSH3RW2twA8,Syy4rMT98QJUGgvR,OAQfaDpkWpxSZ2Hp,ZbIn9cwaENGSHhFO
7ADo469XifWmAmoH,QKMYCd6pMBBszTsT,MiuBnRISIqutXN9E,KNjzAF52AkR6wRrd,n2Xxtk4Y5k3SphoT
armDXbOKERsDyNs6,0PEMCFCWY81wGXS8,Xn14lArT4gTo27Rr,AyoSmDNQdqFrjxzF,zLdz7A0ZSUk6lSLj
yhVtaek3TwXW3xqZ,WRAZUtbtLtHuj9KH,dE8OUEbjqo3EF0fE,KqDGqIFVNEVlQAkz,z6wV2fR2pDFFNINR
lQxaFfaiPHx1oPVD,KMumcLXf2DiRDjMR,5qzMJevzG3e2cY8N,VpLdYKQlqZHuQLct,IK28ySgBFUCNfsjr
dw86nN4FUUPIEeGa,1cbU92Hs755SnWwv,4PaNe9AJQ7LwZ4HG,yMhzvwLVUggnnWUj,VzD8mUBI4Iko6NPa
1pe1QZyIpxRVnywh,i3YXv71N6dZBo7WG,ShMFiidvDg83Jvmk,Q5PdOytCC0dq0C3v,uXtPIQlal9gQQc3c
qNrXNvmuEBzoJtnA,Q4Cf9JUSP4ReLZYW,E2Vn7fuaMjZIDiJS,bbgD2yMFK1kOaSWM,Uvliphla2YuHLumD
24fluXiMo33IQQxD,GllLMStI0aQDDdKS,sS5q7W2HtCNS9YSA,PwwTJN1ag9HPMwyK,20sOECCAJHdvtrEo
2YfUTeI2cMat9BCD,mzTbe5CoghbhGheo,hML2xJYano1gvf0I,QVTMfYNMBvzTXWMM,nZCWxwz9cNbwHahD
JWPiLMpxvDN8crQt,eM1b7VAr4zhC3pWO,krwDk6HPKiIudku5,C1UJ1cHCf3qFeOpp,8psQaKredKVTevzd
Ph020EPGhGn7OlbK,BwKSy1si3Hwjabap,lGXhGKA9YvhdXNis,tq4CseJiDQBHXOsq,rB9coOqYebSwuWLX
nCak5wfGJvwevSOY,T2uquq6AS0ynQqtA,YfiR4McUP5fQ0TVg,ZQLYcScCXXwMlYji,apfpFMe4SAcAzhOl
ORRtJAc9rp1HvKDU,wTxNAxYbX47pb1tw,Uy6B2XAPRhbsKH7q,7TAf1sn6BOW2mNFm,i2A5FjWpwfTLO4yM
sUfm1MoxhfhZU8kx,XL8CnGFgZVOVPCCh,f0XVK4KVbHy3xFqb,tvpQGmRclPPE0ySg,NJWoJ5llxvna3jFr
Hj9IcHdZppYjY39B,S4WyrfOq5CN2pXmb,pMYo5W9SVrZLAVtT,IHeCWZzVMzikOp6p,4VpkkDtt0anbtrfj
xMYdsm01a5NyYkrj,URyKrQbZ2WP6eGaa,5j9ZlYHT5QnXUQhB,DIiFGji897W59rDF,k4SaexvPj5BOQzTb
zHSjj9JfFCGkvrZD,HNEfjZyy9ghRcms4,0xuuLbXOiISMr41A,JsuAt16bl25axYaK,9DqXwNc6CowOsrFO
WiVoDhoI6dikHzYK,1GIgMl13WrV951PV,UI5VVB6ewVhiWxxX,rt07RO6p6EzLXuYY,pAK5Pz1gXQVO4vrQ
QzEoMMnd5t8MTbyE,YbUATmErCysbDwwR,mlZL42fNavMqYXsf,t53mqkvnNralW1f7,s7jfxxVkxnEatKkn
QUoxNmcaVk2h9GHR,BU06iiyimRvZDIhL,81etqBzmfuZKEFyF,5aqjMXPrv2CyFbfu,uKy7SdP4lnc0J9dB
FT8hPiXPQefHisJT,QyQsqqHZESvA40JQ,XDHHgvluafsuEvfF,idmB4tqWVd1tinNd,5ZmKBrLiI5JKEhYZ
oFZnPteRBvVYteD6,LB1Yb9aBOLq8Z8kL,EhbVN3JFOykwoe2e,qs9eWv6ZUpBaBL3F,Hyk6z7G53BYDmd8q
q6lNpghpQvO3gaOu,Eco2W7PnmbMo1FgA,jPkDEGYZS8jbja5H,soT52WETm7TPJJxi,vjFpFe0fqZeZNIJq
wsnoQS0CCoaYnBex,twl098072f3n1KZ0,FITlJOV4YbIuOrg6,BI4bEKhycpG0U3tM,H8qH0HtjMPdHMt0V
YQQAPtT357aq1jd5,SWKrSd3ThFUujFp9,Tbo6CVhnioug5pBv,LCWZfBqdzAWP9zks,vGqSclJG3YKJzxtp
tbaq4NpMKuskkQnX,dFr0UgzctrmSLUwO,tkvopDd6asyVYetf,XeeM1EVsejtFjGsy,PtMsgE4S4OOuYgEN
7rCwTKBzs5o0XFn9,Xor4JWFLAIe2Kjrk,HfsR6GCKPeT6gdpJ,GFESRbVF3jK3Z6X4,7NzsRDivJEYB9ect
TfzuGPZ04GAmJGDL,oVH6DJKErYA5pTff,iFrggSh0KHCUJ7Gx,z7wvuOxdn18s8g9u,exsnRuPVs2Y63TYO
euNiDalhNVVuYGFd,oA9tu6mcpwlwBsr4,8DGKkJbGPnTcJIV5,v1qrdo5jSJ5XFMuD,fzdmmpUIb5E4p6uw
wxCHIVjxxZWEhXCn,LlLdXQ746qZyQUAt,rlnHrRLBBd10PGYF,Wfate8SGybLJDqVt,vWcvz7qUb9w6DVjh
A1luUQrMJFMVZ2Od,3feYVJTPvBKH8VPt,tVlzqXtNdInWt7pw,uDl34ebF2yZRs7Sj,hUt2HKHnT2coiEDv
im16tlaSzF5wFzD9,z0jomxvm0KtZexTs,QdPH1lqv4TR8o6cq,J7EHhHA3KJVqi5ew,zzwEJvqP1JrnLYej
1qRxEqAd770FczHX,J9W58gQKxkHIO12F,eGRDJVu3oOr5GJmp,cu6fDfFwKmaU2vep,7bOTJ9KS0Acd7W4J
3yX9U0OY5265ZuIF,w9PAdESq0lVRFzTM,vbHedN26EvI4A5pC,2hab0Af1jPg7Vh4l,17Nm5CTqxVQKvgv9
3v5ctdchVjHawHNS,sUUJv049u7InoKoo,X0G1vKQ9YPQ76Fb5,U2ITYdhNzoDx2eIc,HFqFeefvCxAO0sv2
VUASIwTvqRVePlGb,8ctGaB6VKiHlB9pb,TJUwZ6eUcDGPiQG1,5PuNFWcjuCNaqZKr,Jlix7eGcUw87lh69
lDerDrpFanH7Dkuo,66IfWOCmSCjXbHDt,aIAVBSUKyZfbOCpt,j5g2jK5eCh68rWIp,4zusgbDggZy0dium
l2wRNpRfZl39oIy0,PFTkPtYqciny0eeq,zWCgTgkaKJWriPw0,SDw6YHKaz9GfLYiU,RXCxVSkkzyHuQmBO
i4jSZBm2UedXaJt3,6Qg3Qr7wb89e32XS,uVBHxLNOOFTxHLab,AZifLWCUPnQ4YB5m,Jkk6jqXcasgGHQjg
0EuTq9gS9RwqKfbB,BhagHBC6WMgVrisO,dwTWtNsFxDsWxxxS,KzTgcCO1BxPHGMqN,vruXDPN1lqk4bg5w
vTY9sVdDXEJfgsYp,YaosOpos5E3BtCxz,Loyp89vjc7B9LXgz,iymeJIYLiyTyhppK,NTxsDyg9ffVu2VOz
RWDegXfAH4KrD3Ki,5QAhhnEWfICOLnoV,5FJpRVlCi0byJTjh,brMl2l7rQXql4oA5,1JA8AYe45pwzOBNa
6DOEtiCEYivf0YjZ,W7kXdYyUcTuLH2Oa,WD4EFVbjvsOq0e0y,lA5EGQJwx2sjuBgr,nwgA46MfvHMY91TF
fnDkw2ZJfCmbeeb2,tEXKLJCUv6LdzCyW,V7QpBuNQ092wzI4v,WaCKj6fp5PnEZCW1,PzNPy4TFT71mjB8y
6BYfPcIGVRRTDXUd,UoG7xHEnIHKduKzs,JDT1PZqslUWdMNGM,zk9MEyXeIuZJJIw7,VU1hOuWOdv81BMkL
IyhA0dQaSV64KqAQ,grctpMtjs9phguC3,aC2jKUPX6qsfG30F,2YCzij6FkCOFXJDj,nzNyvClz257ofLqp
OByRHdGwTWOCruvs,RiVNct2NcWFvOBEI,ibL1vj7bHR1cCs2f,FMJZ3sXHrQycnQjY,YU6S0AJDy2L9yY3T
mR6ydao0Y9BITNv5,TeCrXcZGaV4FC9fr,y8aochX2Ey86uBfm,MiLonOCkNIR1mAt8,pKRfTYdFop0U5hoD
thtkH1bAwrS6sxwQ,fZACbbSHXLCBPlB1,nXolyajX5UyTUmCy,bRMWAVFI3qVcIXUF,qBkVk7EJ9TsmVHff
EB4Fjypx4VJVeQnX,apKljtr6mTKWk2Vu,0ZjsMEdgLgKezJbR,z71oN53r84N5yj0b,UAhdYKxwKmTzpL8T
TwOUHrG8FL3NwSgH,oHjQEvpU2D2kEszk,NMCtCX86LGAKKywu,sgkovnGDTCw65RcZ,HlldoaJkw0YgkFaL
VaX29MWXXFInUkdY,sM1yrd96fT5Cix08,xKvgAAG6qf9ErpYJ,EFxjXGf4aRrnm143,o3PKpxbI9bUOthZS
P8BxkMaW4Yio0OcL,tNQrAogOtAU42NIj,jTbbbTgU4NXDHK19,PRE7b07AljwuPGgC,WSLeJxY8Z6iErWfS
Q3mVYQDfL2tXrGKf,4IpZjEwOLnbAUWEu,AExhmZjIffvqJMAk,t4KEJRtUgdKiigKb,eRRkhP4ZVfuHMl5v
c93oLcVD3tLIXufs,42AJVlwaDaf6ewTa,3vrVq0mnflAa1enG,BxHjUN4tLtOcpJ7Y,Yegor0MvuMbM8RrV
YJVIkJozSmQSjrMw,AXF9qFboqbJa4jKY,bpBkzvTiDLftldoa,31HjRApFgh4ARZvr,XXQLImcZqg3s3ZGM
TGJA6Dy3Fr2Hwgxy,avFquaHhDPCCtWEb,D1NFkwtXzSOqfvaR,IyVDGUpcStf4f3aM,Pm2TN3z6hWvnHdjh
lE6zV6R5c7AekIKj,j2g57b9iurf1MOZk,j4UQl2SnYqVZqFu3,QWAldx36dYHutWdl,AN8WjlDWzYfHUPnE
G8SrZDyFf951b0So,et5V0KHIv6CkvcGM,VRH9fBtrPLefFCox,QTBKr1A72slIoLjn,0ieyYGTidzOlc0Q9
VYL0e9kf2vw9KhkX,uxanH5tymxRLiTug,QLEdDbu1MHQYH6KY,1SoNSwE7prLReNUz,eqk3ko32x3fFPDet
LHu47rQZZK1I8pRt,zcQbPZv6JvRxLuRv,AtctBmVcXRVhE336,D3YkfaEEn3KXl26Y,VmTxoJtJQuRSDwQA
bjx6gL3SpOUHIgaZ,r8aEulqipTNMazED,4acZwQHJ8bJQfJIK,k7Z4vl2fI4yENbJ8,27QLcm2Z8FqoDQLr
s41tcprnSW5W04Ex,RfPHhkrVKh7ZRurR,x3kVIddwDtAA3Za3,fWpqK1CJAxjrENPN,ppcZoTdLGyGBNWLm
KdJtevQfowVYejAk,sf69pVEQFreSxsXV,0BtiTSVKLEayGfvP,plQT4f5LkqC4dfSz,OFb9KFO9cCuRo3FA
9reKSp6OkV7e48CD,lI8ZJ0rFHogMyHjM,NNHKfZrHbKaQZEN3,nepj6UuLGa0ZNCet,T21y16pdd6FNrCgP
j41pZVzsZeL1QGnN,m2xVX433mCb0daRW,3cvq8wyb3g7hM6R1,JehgK145CZofJw8C,DWdBoF8DI3zECbu3
EaMgix1rzxPHMlvy,PWyE2IIfj36eUS6o,SVPfevb32bGLBtFZ,Uma0qHAyyTxHu9Xq,r6d2nRjeOzW4zVtx
7sicQBBa0Vb2GFmt,K7WmYLjybBnqa6iB,tZRoqkf9FAaZUSa6,GIHS7wsJdc8pmrLr,HLtdD4zKV9RHosh8
6CpAh8XiB0fyw6yP,etxhwRPIOlXrowtO,bk5GlMIXSeu8Jn8c,V4p2TmUdTMPFFhOh,MXpLuJoHTql7x4f5
s7vPz8LLL50pFhHP,aE49eb9BMsr9YKht,Pd2td3C624IjI8fp,fnCtArkOBnGkdwHs,TMfW7nYXjVu2oBN3
5XYDjgL0CmkhwJkE,2OD0oagyzN45XX8n,ZpKBgA8xeNYe33RG,Rtob5QpqapkBElTw,ZiXrSkwNCLaLDNT0
uzX4w54T0ncF9swU,MQTloQ7bGOgBVaWM,U7FIcRI1GYfpcZ4j,c0iaEaKt9DiHsoKB,3i1CcPejNtFxZiXH
5zqzddUopiRt1HLq,Rp3qM5uRxONxbLkO,iTMDUZWoySZwgDT2,FNzG7ke35zbIaszL,WgrzhvoOAY5tNaoa
pHf8ehkEFMH9vtfF,UuewYto2tjXulKpl,XbwdTfmBhRYfB8i3,GGtrl71GaWPy0AgC,wfq17RoDwUwlWj1d
PYzpVlLkj7X7nnSJ,O6nCMqdyyAGz31hS,Q4YoqAgCw9gxoylS,0JNZLFRtn7kEEORS,JH6U0h0Lbsi2RdCl
W4eA8u6eohtgPUZh,VI1YkX2TWd9mhiQ5,8Cc9K0BzXOumXwMy,COOzIC2GpM4m5tA9,wcNQDNVy0O0a4nXn
4HyXkRN4TcLygABx,lrTFVTBzplK3gdAG,nf3M5wQ0Lw2QfqDG,hscCfxU8eRYEeVAX,EwYun3OhDKiix48x
M4P8ML8ne3rp39kZ,necYN9KhS6mzJkvp,XBBOz3AZ4DX9WoKS,ek8dhrdKketvpnVH,mNudQaV3e1HaPqDn
8k5iVbUASVD5zDQF,uATv27dUvszUpg9K,HNbjQ1uIMWR44uJ8,BKbkQhHRlaOt2Hbg,tADNSwF0q1rMcrmx
OOwtRAIjnzLfZYr4,QKVImD7WZO35faTo,LDG8bEgt1rVqmyEc,RlbkxYRPKabtXVUI,6GSnuK19WnUGmidk
06DhI0FOUn0pyiAJ,CoHi2zDYYJeSVSN4,HaWPFXonRNzRmUpI,IXaEbCKjY3P2XnBR,2J9QeQweo63J0JDf
yMDKhoNKb0m4JYaF,TPsWBO7zaSq4pl8R,idZupYFhjDUczGPr,Buj6ojKMstv6f058,tYVGQlIywh1wDbyY
lXcJUq2gXz4pqEc9,l0KDAxfPAw4Kcx9s,8fQKXYD4Fa6KJ13r,v5D2Z6ywr89cDrVJ,3pLiX9fi6mXVjjuQ
zSPRxUHBHDVbFlp8,D1aZoh5aawn1cWnC,eCAzcK4gO09uxN9C,VGPyrOrZGt3oQQhm,oJIs7GwXpVHgahWa
otnqapro82nEEQsw,kG2bSMGM6T2fUfSR,OecwsICa78tXfbxt,0IoyebIZOFGM1EH7,qRtThK382hHDUnMC
spU5WyzDRRaCqF9s,q3wvchosL0N0lwpM,NS8A0xPQtBjesxtJ,68Q8QLy3hOdZHYlX,iAON2pRTCjGjSzs0
o1oNecIUReNjEUNJ,EwMmhJYc8hMSFXgB,ZaaoN82uDl6Mu3sa,X8VJ9ibMTXEbX47o,dt8Lbm0fNonGuKxv
M6T7utrSI7kyY2cq,fLec1rJxLwAh1niV,EaKNQtj1zTeobqoq,kCOoPhCY9EF7VT0y,vtzEWqoq6EfdvDzu
OKi3suSQ2EkepqB3,eEvmrGeShCBQ8wr8,8Be2EyDyHAEwJ44R,e0AJLKUtzrxvK4kk,JCksgiot7MdyRNog
ZWl0bqoYlqNuY8zi,KyGKx2NkylT8GeIZ,jRYmC2RRlqrkvhdp,fK9yqaeVYxSFF0Hk,qJ0DwuDpGKsCkPDv
83rSHWgF8X76ZNs2,0HuYgSmbcoaMPAPk,UXxreGwJVP1Am35N,j3Y7P8EySCGGgZa9,3Xed2FBFlZVvITSi
74mlX0X5FGCq5HNU,Zf5kxKntOLkfHgK2,mQCWGU9sngNPeT1F,tqiTHdO3tuAHMoK8,f14QySxdYatkOZ31
4ocdDWpKSreSQQLu,3RlX7azFUvTuqJTz,lx3rWg7UcjLzml4i,F7KmNnJt8Llx2SVS,PeAv9WAgKZ4WJrdn
0fiCkYPiRj9x74u0,iTciMQo5PkTrzRHX,PS678iqwfynpNF3d,nwrCBUG5MAFA3d7d,EAYKUu3xTjKVq2gw
WOrsxYKl1ktSaMgL,sHArXkVTeZBlI4Sp,gxOC67OA406fsRQG,s0o6AreuwxGvSAvE,U1Oekj03hY71JPAP
jkQ8dEm2OOCNzSb1,XtzMlpCb5nD4fcyq,6G2qlK4KOnFPDDdi,EKnyTer5W6J1khRh,VWK2UiFGIvQRQxFk
kyLviDOFFMoDHvCS,d2lu3xfXbp70f2hv,TzgDyTzJx9XnM0Rx,83RfwGauvr57fMCv,ctxisWaVrVCPLl8p
2czJr0MIIR3zeIqp,YrDfgiNt54ftQAN4,QaA0c0fzF4u8tMbj,EvsI49ETs0DrrDej,2Uv5itmeNciurZqw
b9JK9pAouPPjeq8x,zfBSPyHngY0hWUbj,T1yQdqjPI5WpBvAb,CTBT25oXWrTnrdPL,70tNhmHzxW8HetGk
oAg8Zos4itHZ6z6e,V6HIMt9vjLusAA3F,Q9xHsN2ntqGsJhdn,LE5yvkQIZ20w3Phf,ZNjtum71ogCE9YTp
jgpMH8gBLaXdHijV,6PdQxd7WFkWHiNrp,wCQuyXHMATnGlUbd,BdrKFVJ3CLz0eWo8,Kl4y6UEJaOCxiuQw
4RvhlF5dhDXvhhxR,GPILTNDxHQ8qtPgT,mICjoGOBcUWw3qRd,wAM1NnQ6u3H9D0Om,s8sHiF7K1U6clFzh
7Ru2t12NNSI2neRc,GhM8986EuJmdkpEp,yOsvGSdBdgrHVLmA,WhN1WwQwBxrzhY9R,bFVTs5DjiCDTNjdq
CUFiI3c6fiooHHou,4fkua1uz4HkA17Wb,m8XtCoHdK0nA8PC7,8VpB2ewx0D6EexhV,tPkoxuLdPsyKYvfb
USoWcFkUlTB0HFDo,cM8h6bgbFEDIOREl,ErvGidJkaS8tuS1B,KYvbTsG545qoioMA,JGwyYkNgzR7TJsSw
V77pvKG1wtQJpSsy,i026IXdVmfnI81em,TB2oq559FSPMgUSL,sdJ3sfXK6Ucjbbm0,akgbUg9dbkqwYEf4
HUqMWDc6RMWGSqSX,QDFaPz9pXSlNCcfs,JMILp9uvn4C5Sy78,lMR7m4A6P983NPG2,IbQIv92dqvOTWO4M
H3HojaUmUeai73o7,VrGTuBDrKH9QwSnR,UOv9Z6hpLVIJaQ9o,XBBLtCRemYrtUPcg,wY2usCS8L9sNCVFG
38PKCg9O9nx4L6OR,a4J3m4udRsbU4gKh,4ASGOitRVqD9wjKA,8yg9cgxS01zV8C5i,DI31yo5S8fnoZbPm
IPkgzux2tDmj19I5,rA6JcOjOxcLOM7sc,uf2a2HDHAqua23EP,vhLz8E6SkgcLS8H9,jUWMUyfdibTPmwco
E8ISLuhI6HVeTrVI,GmJF6JAtviLiDfJ2,u0wQrhKzagI7bEy5,AUA0VGmEDKsYDf7M,bD8khbdzluPQQt6p
p8rDdZYlS98rO1tB,ox5p9H7S9xVr56k3,uGuBBH7xuI8rOxkU,nDzdbCu9OcQwdhBU,6UJyEBIJtnQgO1Zg
oaZGyjTR0pd0ACGk,qP0ePQ4Xt80xwupj,bBwy6Y1RoJVA7IMl,HppVyNowcvICwmHc,pjToDH7vJFq6yO8z
HuVGYyr1fEnk3V9Y,LDYhVBy7brPzxkoq,lCD2xfgFbi5HYZWs,yZaEOiPHv66tG30m,Rz5WBEHrJYXkL43F
1hDD3tSxD3Joz29k,5wNX0xWsxf7GH0mh,0AoPiGmUBGtlIJ1i,kXvHGk5ZnBEQL4M7,Y4FRPlGQLgeGeIl0
NvIa7lnWmF1RSUyl,2CSOdy81MAJ2Cfi1,6CxdYgKqdprj5hmm,qzkfJXfqIH9THXqy,gVKpkaWDraDfPR5x
YmT0iSzxI5IJH36R,ClGrBjnLHbcgV2z5,raBS4L70J7Vdbpvw,r5ks37MUdjvxipTz,trmPIzdkqT1DNkSB
zvIExPrxZdju5HYv,v1KbELZBxdlYqAfj,mpr6K5gzJHyT3d4Y,hGIOqProaYFcYOzW,LFWUp2xfIIpGRjup
IZNlRK1vyhYTj25k,l7iECIxFJtkzu7j9,vCPuYW6mkC7wDAnU,3TlkrIGNIC5u4rqk,hH3W7SWnRwRy2UTF
NUBxiemH6GwMrUgl,YNDsEmqnaLKYsYrM,wiIbOg569P6suTRN,W3EFfETtdAs67Lo3,fOeSM8iryHSmVXQz
4H1b1FpGf97HV1nO,TvdOWXaEo1LpcZZz,G5p5wQpFN9hd0Vtd,AtL0IqAaoleMGgjQ,foPl4pj0eofMVIPw
aaMP5vJD54LU3XSZ,QjlT0EwZ1O6iwpwy,p2O0P8KPPh42F2CW,zAtqOBpl2LeqNiO9,iyUNur0AGr0TDKKT
xulbdYj7MdDRBXoL,TzzcTthOrgOVSEqp,UA6hIwki0uRa8O4O,Z5IUtL7TKI2sDtc9,FfwyXuQ3upc8um3I
DdeFNmQlPcC1P5n4,zT6MxOKB86i4t7ls,1gVNfZ2WFoQHWKqO,zbKjBNJhRa7yUg5C,kpbHGIdnD9jFw6dn
VgInoFZ8dHp4bbjV,wFFomYa8xQcM7q4m,37SUBGzEEcB7cdwn,rxCbdWLS1pzuYtjc,irVYeNMrJYFpVz5I
Xcb0r3qaZ2UMKW4q,TSgFdcGpnrDxoYsU,OMurlY2ctux8pUdp,9ewB0Qrf3ztpT4QW,K2scKiuce4sgCdcy
bKMnq3eRi5Mkpk1F,BuF3299o1o0hqhWS,afFQeScDxMuu1IRE,CmBQywkhH7soOWru,HmkQm5cmc9I8tiKk
EBDbSwHr2zUTGbu5,ju2eCkAqKaYH6WEo,Y3Vpg9J6jtlK2upi,npkIXob2nbgyBmjE,mbkAY4x9JIiJlQdT
TPgNrznYI0v7NrMU,EC3SdxC66gqIyWSu,IcYarHkVLz7VRwB6,LE8Bovca5oU7yaHG,Dnitojjx5STNEjwo
ERBOve6E0rFNKJwr,4cIKRyblGwpgBm34,dpVg19QlMOVqwanV,YOUjZwvut6FS0Tf0,QVB7aiaga957nK4P
frkNGuAeeiMEEnlH,27IEZAiUIptvS5aj,577bS9PPM4QnvmNo,wU6HLdwkD20Fy8X5,BSYzTmH6HgpiExqc
NgQfIQtLreMXmpKo,WgWGrcaAndnWlZdh,u7sXirjVvAu6VBVv,sajvBEOMrc4oertN,w244gqNYUs9beofI
F2irlZuJ6Im8HcnS,X2E4YCSjdzBO196o,Tkum2CZuiF5iHGHQ,0Nb4hb0blraGR3hx,8rcGomCAtJljEI7J
KkeDe0uBWZIZ8yev,dRk3EUV5bxTjYlVB,Kjk7FnjIcpd3mu0l,8hTucHCKkvNdrNPh,cyPSwFne09ngx9ty
eWKE8OYlzhrErktc,EWJYltHDrXb8SeLx,pHfWduqbgyYDoN1g,G96o7IBY06NDsWdJ,XCflhkpPSXXrUMsO
EeDzyJ57XOfnVobB,3FU9hytbjmf2CXYx,8Fv3BmOiQjD7EvzF,Bagky2xxSlWubQ9q,oXCfhyw5XzR9ARDL
BYfyMn8wHKBviMVS,hD0VEpqsE4ADfy2F,4NE6LLkC3nVO9cX5,cW6L5wIlz3kicxwz,fm9YRUzxeVVxGszh
dRAkWMl4ToaScfRV,wJ2AySKYN8bqpoDL,b1wTUE1p1vtooA0i,xWoJtCTXhwCnTmE7,DsA29Fk1K8EMwVwa
x8sUCXsVJSvXdwlh,v9XF6XQCEg525Gd8,anZFBSe3dr42tL5a,9cMZgllcjysEA5gO,SUyBVtLvR6imv2Mk
ginADAhp87iBxws1,ZSzPvZaVAmAhNxo5,vbiKKuZFDSjhw12e,5jlFlgUNps4I3J8x,g9wU7wdADGCfDost
LggdxGhkY1ZnZKp0,UX6sjOzStsqedOBi,JExduROo4laUbiGx,pXkLXXJ1AxX03sXW,4tR9rObufEfxB84i
nJGnOdKsqybjAh3p,6EuVEzjOs3kKRffN,QeIo30KBwjMD9Rho,9E7cf8o5ZzYuuTvd,PCw0A9ZM5DnWkn3M
Oo3EOVhjoCPm8TBf,rbFzADhgYi4VSALQ,khelvClrqC6Ys7gC,blmXxP6WsKkxaC8Y,vCcyFdYTxLSpRPwZ
cEKmnteGhG7HDdD0,FOs4LUO1XO1ooAUw,IKGvWcUmikFu7zv1,bWCBtqF8kvZT1cRX,fzUOFx7vodALST50
59U2Epk8zkFboMFN,gBJIwT5am8JVuVmC,idEESWdpSo65IjHm,USMoKZeTRKBbfNT4,1NJmh9fbNDfc4EY4
W6RK0cMn7Ixl7S55,3zJooaDg4ROulTzt,pebXgpQzhljHvSzp,ApKuNwg1V5Vzws5z,0IRUJvjLatgytRkN
CmLzF3IGqxbpJjFQ,VnicxI0BwM7pI2PU,m5IqOwSq6R5VSTIR,gci5kg0hYyg8VpIu,kCXdYqHPIAcevDfQ
3Wgh8X1MMJdWuPlj,PGfDAiidoffEl3wA,Huih1cqoscImI5SY,4uL6e769XfHhRKe0,OVUemC3QRuOdODuh
gjVJHIjiGokNxUfX,wupEI671qS8JrdVc,e29eibw4rBn0YTMc,l651mvkCCFJKM3yi,ARbAPVRs2ZMuH257
bZ0os02XH15MEA0r,kFGOwCyTgEbohupr,yJf4D0lT628lEgdb,TBw8AwaGMHEhC7aU,u6RzHNQsj7uFTAv0
YDAMKs4XHMudIMgU,wzVItAwyw08wEqXr,PO9Nv0APnHvrD4Nf,fwAgl3478dfV8mQ8,m8beB1bqckuQEdoD
ATwCnvZLFPoDmSLd,E7AB7TxR2XLkE7v3,OOiBbj7DPpTwafJ4,JwMN3zIIERM9hKMh,tc31P1WcLPFEz2kv
LvVvwLthJFqDs7W0,ICP4Q8rrg6YadQIA,Rt2fcfXW6rSdRP6F,tvl6FMR3LQ0dzoBa,SR60RmFKcen2ELKh
K1NX401Ana1Qm4GM,vgZ51RJfHQYrz6g9,OrYv2fOgIg8KTk9w,3Ed91k95Bm6GZmBO,EpYOxgDWAi5OEqqC
L0nGk4iGX0b4nX32,gj970uSTAezAPXST,hOdHCj5io4zR8D9E,qU1Iiz6QjdBKd67q,mCRgAo0tCQVgip7b
SNfDOB1BicrVtBb8,mKLl2AFDzckakqFb,IuvN8vlhjSy1XkuK,bmbJ6KK05MIAyqME,c3zN3adYXCX5F1ew
3YAfthATw2onXSaa,wEBmIWDiaPBtRPLZ,6OtTAFhYTNxMB5Q9,5W7fCzW1dojtxqPw,9gapBtUvjBvjnkSj
GqAAeJ84lf94F3iu,Zz03Rf8owtIO3AOs,IXgCQybXvc4Eyjh1,Q6Dp4vyIUoFLcwZv,PfX2aBLLbVGc2goK
N758R8LhymTGtaa1,hIEim1ESjbrUlsyE,czpNh327yom36bDA,mpfx7qoVl7vKUx8U,AnVtD3y99gcZcO04
LDxSvgW0vmMilCD2,7OdbJeYgvNKA94Qa,zyBh8Wu1evi09ZaY,cXYIrId0qLKd0Ie9,j4Yk80lx8aEbniex
2YAPYtQjwOaybor4,OCfN5g7727WCqeLS,rLjHcyB7FPFBEDVt,pvAbyZE7HM8Bzc5f,ekp0nH3VvhktCwbG
NtVMdxbHLvDq1u5G,ovap0HtE8JCy1jLO,MmRsyT4GpExToY6K,sETc8QpDLuKDn1vF,1jXrH1LOSygkAao7
yY3VNRh9ktNzY8rz,tiiwtWhthC70Bj7s,WQahvt7O2emd4kjM,v6cbqcUA2WyOvlU7,RgSkd2fxJusf6Qk7
HDwrDvuzAu2qTn4Y,1KfqnHFV5etChH3F,bzFGo8SI8YuPY1iM,m89duCEAd2putyqx,Il0xjJiIC6Rn29mz
hcsIjdOwV9X6r2ye,wAeC3Vtg6i6R6V20,kztc9YKiknVpodDl,3ivUNe0NjYHPWkSl,B26WVSrfqXrwvoMK
iBJkJuiq4uFbktuV,PkQ3WsWbd5bgo9dH,C4kZ9AlO6IWtZ0Uf,BH5ULxnr7H8xu6rT,d4qGDfIML8fa8fRW
oVYxRwbdJgwrx9wM,ZuFOmgWYR7hWVLE4,B9A7foOedIq7tgIv,XCt0J4zSVp2gauqD,dySeYR6VYOq0tqsD
EAe3OsIwGHeBKym4,InJRpX106GlX6gbo,wvznXOM1OgrRFp0z,ubkvrv9VSsl3ww7x,voMHlbJZdqVs7g7q
SrKiyi69MLeecDcU,RSgv3pVopniYUFTR,X55ZzmVvUv7HHCUU,O1v3XAZUNlDtCuxc,oGs6A6p7jiWT6apY
k46KMV683VyUsyWP,h73cyR1D7aS9EqY7,WuGAqhZEHTnQLkB4,Jk88hA965Dh7E7bE,F48CcpYheVJl5gE5
RW0HVXLhmiEu7AN7,Zxj4iE9iWxjovWPu,CUEVwerUiMhDSdLO,Sr6sjqetWwIRBfzI,Xd57n9gfHkB05cLQ
iPCDI783G703wdwL,MiE8IBBnXzxuCW7z,bthmSmmfhpARGLPq,OsrqZ7HCjXJ5bJZX,ITRQ6jX6ccV7rqAH
FNE4FZvGm41tpCc2,1wKTK1KQ7uJ0QL5C,2GNOePOHHnTyyz7o,H96gUzaBQP4hxELk,1r1JUMckwXLwJ4MF
fPwofGCM6USATdH4,OoU3VXYjPVr1f6eC,Dl6fJYMlDiuMFlP2,ra0nTaVhGG1NYCfD,ZTX1KE5hFHWnHzMn
sSJyBkrL5MQGh3KF,xvUuQ2V4UR24yRa4,z4EhdUnoYJawPJe5,yiH19obeRFU8Prz4,5nFup9fe9OgvTvbt
jARl1IvONmPAaeEr,rptXXRX6fwQRblk2,2GpeRcBzAE1dbWTa,VbqDFplqdxK2wBA7,41n7hQXeNiOZQl6u
pDZrmuV1NAlWrC3W,xDCmYJLM2pusrN3D,4g7R6gby3cYi25uP,kSJ8xgIXBj7iymSF,7uuzJf6SDeldZAuE
q6K5VevPvcRYH9pY,ZKqy39SEOAezfE84,USAuDVBO7qaQSFoq,IayHPg1iVqxBcMkd,rpNiIteGY2e6iur0
jMxXE1gycQev5Oyx,qhLEp7PmYvgWjLh7,7gcpJKLSzYNIEbpA,smGRmgq2z3xvpBGA,073FCtlWxaQ1KJh6
wP0Hwz1FBGgYtuHG,KjUOTOgS6tRkfAos,VLKquKCtyIIGxdWl,90qnUbdbc34OlYKh,uiS8J5Y53mn4vcn2
467rXnJKpUGZ5BZ5,UYC6h1daFnqFcddp,48a48y3BIbXCPD5o,1v1q7sZV0dyjAuY9,418flrqGxLt3FQTl
MAtVleKSgopgDuVd,7Nu1Zhr9LRg1BSHN,ZzIQdmv48zcLkNG1,iMfMuhrTD510epdD,JjmBSzCl76jX2qWy
1IHNUP83WCtWXX1e,TNcXOlS8A1XNTJtX,0FURegEwgQuoP5Bb,fHZoQoEjx0PYRO9D,kPessSuhGe8DJfog
BXtrU3iMMqUbtbGR,7OxeCHcapWFTBUs6,If24kjMlzHk00tvP,rhmFyvu2LwIm4BsS,Wpep7mIK9jc1x7Aa
u68hEVQyspCuDlZi,GNTYHRFIprYNfM8v,yEzm0pNF4ArmNZTw,lefwFfOLhWztw78s,j0NxWPHtzCMHVv4O
b1oPiCl6cH63LSb4,stOe5Z9mGaogCvMO,4rnY7JiYMAK7hFnR,4KsehFcWHjUUWxAq,oD2rq19T80ixK1MH
s3zlop05W9ZLzKng,6aEflvQ3pfH4QFzR,8IvoIMsG8pGuk8DX,vjOVeNzx7Q0oUGrb,LIwUeNNjjXjCV51h
5IPB1uV971yrWprC,IOj8W0cd18YJVOQr,KuQNxkHLbHnxFFBB,pOQ0t6sQiMhXXIzP,nbRd2KJjIcNFkqvr
z8cNs1LAsTrs11eo,mG46KAhndDEAMwgH,DyKiR5ezAe5GNZy5,ZtrI427oKqeXXJ5f,UHJMrw9GCaGUELs5
wpJ9MHeJPo5B6fSV,aYWE9vDvFMNRiRJe,kCqHPVY8lX3VSShZ,lTsIEWYsDfxT4RuN,sEGtyAGBohdlV0yC
MmjYjFPmGnZmxWI8,mUkFMzqNTYqMfgnD,rwkKQUn9RowoNonp,dREV2dxBJytFglWb,t0C3hVc3zskKuGrp
1Cvsqn9GIVdQAhOn,SSN9Kg136ZVIC5yW,cGzePEGpWBrnHyJb,5IXBx2Fsil0G1KIr,l3xwchdG1dN9IRQ0
T96P0xx6q1oBVsRv,aWskwjZbVNzEeTxv,1IvpnbLBLudWnYf2,K8asBUrKeOdHgwWk,VDHVb5v0PVpFBcdt
VheB4p1XdaNRhORm,CdfPr6x8oQqDz2F9,6foDskZxEgknltNV,s4izOGzabkvrQxJJ,ZJFKj6Xv8qt3VsPP
wmtlBDWxWO0MvLWe,wVv1MDbRnhDlpy0D,c9LUCS7DDtYtWp2C,oX7tLhjylQkTBB69,XBtSQmMOey64TImB
imgS8v1mt9HvjukU,cY4NiZ3FKAw51dPP,RvVsrTQ3TntFBtdZ,hgjzRTnuE3RslX6X,RyJa0Fr9uZn36QCn
RqZ7Rob4h5UrbxXs,ht8Yuum50hmjO8E0,UMK7LuAHQN4GfVbM,GY6kkO5Bdu5ZvAPD,RYdXcxsQNaFNLFbA
rCZ7WBXyK5WXmSbJ,6fgeUoaISJmtG5BG,cUFJElPQGr9Q8yxC,dhEKBChJK1fvoq9D,P3WuUfNM80z7glGR
8qH9mTSlgg3av6fv,b7YXh9WeIFKRQmlC,JvoXPisgER89KEHw,5Qc6m680pxuC0QoG,3Vn3P6KFLvTfZkVz
i4pN0pi0BSGYxTXD,WhnxVcN0WoUkAG4w,02GjhNAfVckbS3IH,jr0M2gNQdOA01TCC,84Yq4zBgecPk56ZV
VxK7hpb2W56WFnIk,APNoaVeeIfjB0OCY,TrRsBaR7Umgbp6XT,SrFDfu5YE7i08o1c,ac2AcParCn3b2gVq
62cR0V05jAYkzQvY,YpBTMP7uhoFJ0QDi,ZPOaJLKFX6FvGzXO,a25iQxJSVJOSh9n7,FwiMuDidBXzkQfo8
i8X94P8XSqOuA4Xx,0h2QUNZNssFS2eXw,5alUG6mjGEhjym6E,znjDHiYGENpvyKSf,QJgkS1mvtIEgHZmg
XjvW1mbRKZKXWezw,4pGXl4ck1gjSGOuH,3GOmaewLyfIeOjAM,9MX7pbCyrNWdbFt8,j88mq2VEvHdBiAlo
RUjWgT6gwDpe1Gdq,KEB8iT4uAdsnPAo4,QLZqUusKCPhlUDs5,x3KPbO219vZCP74Q,LdnoKXSrqPPjptBw
88MhlW4ZgDWV2jLv,LgTBAqcB5IfHMGnn,nGwf2P0YrPSQztYO,g6CzWTPJP1VjRsUJ,ts2cIzJQJZHwMR7a
xtwELr7HFx7yPHy1,BiW1qTNyZAk5mQQt,MGotxKYsgZ640VKn,iDPl6SEpYBXpqDxw,oTmsApP016QxXZsN
1kxUriOUQsQfhqlF,tNuCXpHLucPiwZO2,Xv5wE2Ac8mowPlzM,VWoAbt4mXqK2kl7z,18UFNHUsEmoE1uBC
iEtlffA9ChnpYfcM,qv5rsgYBuNioOf1l,cOQP8h147yeTu7Mu,G0dC71sGfyZuop4e,Znhk464fjPths1FJ
kTmNMOU2kb3NXCm5,QTdFOy5FQ9LSt7OF,VkaiXY0FDopFtlZN,sHzlDcMOBRUozlV1,sGXhdSNtKlp23f0R
OAkkHrAXEdb5skEP,sAKuHldrvqNCpJRH,OJu5NmebY2KIYs6k,x4LVnQOsfAOkgtBC,ggFnYCYg1z2sw68y
O2gytGXpETZmp2Dp,GIUIaFo5wjoDvTBa,gBonfa3GePGXQnix,7EoCCMqsvZM61xds,C7zNltgyyzetmN2j
HlJ9WS5G4fiSp6Eh,elUGSD6tBYVtkRSi,9sbDfG11YvBksBml,CGnXeCo7ijE6tNEL,mMiZ0JB3YNH2x64E
TsqfyQTdPl5IeMML,vSc1ZPJVEZV7iwQB,ReiNwxkumYH8QCDP,K1V7baDVNwBh9DPq,bIQYD93aiwSySZAQ
xwr8VfuZjIAaGdxC,8Su2tP0DMowjEDsU,GDi096uRw7y5qcBD,hFTG0LlrgSPbL1za,nyYewyVCaMtdQVXM
ueQ9kU5dDSOSlKzS,KZ3U0Dv77xDg1t5Q,E6gUJwP3pQDHRcN3,qvzIbUuqP92r4kSe,vGb2KrJyYuk7KyCy
xLWWcho5AIUPxDfO,JaczvLYntY1YUFHI,mgj8gR4u8D65aGBi,siScuUvpbC82JTAi,IFcuIGiewuX7L4uz
JGarwcJdd2I19k5P,oC0VtpJTSEOYgBkG,pXvGiOzbu222wm1a,S7P4PNIhd9CjedyA,FSO0o2NIILzds69Z
jjAe7HgiL2zZdoEc,6sMWIboXMHEajJwW,OxYLfLmHnbgNVts4,9rxUkiBFhWR24d4q,cS9l36XVZa05n1H0
uDqXpwetqRYnxtIj,4icLuIFeHocl6dBM,rwgikyJoZ0KaQcYR,lugnU2TR4rLMiysg,5y1rRyds6tbdl4y5
CavvwfarhwYsChXh,XZO74tbURoaf7G4m,m7sV3MavQGUWOVrn,p4GzobDp7IZispwJ,giUB840jnVx9zNpS
mfJkNdq1cgolbAM1,3hBWyEC40nZznO6r,QHaesqEV2tblKIMQ,cuTMGOPTArPEqYGP,qHD4TMU1H9fqlwYG
BeGkXO6FKxahgnNI,2FMLLEurqLqLCPAE,Jp9ijgAaFscERLwF,E6y3ta1JXzFn8L5A,okXA2SV4ECwSfYCV
SNKKM2pukeYm0Xum,qowFRXgAc2iwuzhf,FQyHkmMGdc8TVW2X,WNcwI0ElKFfYWRYp,dnqeo51rqpl6i38c
1VvT0tMeummB9kcJ,phvMvxO9GrUL8yRv,A49GcgtWf85yBTjp,sVJRORkhAuM1ayGZ,qVy91Due4F3Lgc6Y
NzHY1PqK5hD1S2nE,g5fom8XiYi6hWINn,qlySjbO4zvfTPaEv,zfa5WtrYx61a5aVV,GP8YWoeUyhAxNvhw
H5W52T6yhlsWK3uj,8MhDgeRTIqCkeFbB,2yIOPKmnmvfQZFAQ,F36lGFUr3LiSjP6L,adg8BWIrprtCC0hD
i13oB8aetfyqG93r,FVrwqi2tPjO40DhN,XdmIW4XNGKmLgNqf,ZWQ1aImJ4g3uHR1t,V2HntMQq0QHnIvvG
TDC1fZatkeEJGzIy,TpVFAjRmWifG8BxD,8UNLIAWAnZyo65vT,A88TYagCUFcejEUt,3Wk6NYPNbqRwdMkJ
h0egFSlTLn1sNSzL,HVEJKLMI0JXo0EmK,tuzGxHc7Ewhb2ttn,ypCbUGYhSnGsyBYV,tO9AvLkXaZosD8nE
SwYf6Kn5RqdfquyG,KMBBoq0SLhkIndUa,V6uPSru3egeEDBDd,uz41YRD46mpEhSyX,SSwHBmcNWo78xaWB
WLZx7ExBCzs7TB9b,g5z8bzoZL5K9Oz5Q,9x5CRo0Uaj31IYVO,os0nzYJcxFLrriL9,DPKPEL8KAyKG8dkY
qkWWjX7koWfULGwp,kf0ELLzLze7pAk3g,Xx4FthMTxjIn57Rl,7rNkSwo6LcAyoBWv,OttHzd03ghOuGipY
U08FRtrPW5PBZbD5,3l0ORDVgz1AlIFX5,kXagFDB3187Wvq3N,rR8gF74KJq7m8Vug,895uQYizExp4vzik
aAmBNzClAuwa0FPW,zQbhBXFNIsGrjYy9,A71pMAdBf7sbgP9b,9GP1a6oT67zEnGYR,GU1cJ8c89xfTXgoj
dilEWiHBzKcqPhnA,FCfRRsanIOgbxxIa,bvMSbitFVPCcVSlV,qXwA9jOvAHdTdLE6,Y8j4Laq0EZS1DxNE
ivQkuR1hXCIad9By,lZayFtNQMDacx1HR,p0DpHKAH5uxzzzk0,RM8TRBWpKtnLyXP7,tQkbq7CLIzuGxGFf
1lrXSkMIMAHEBS7v,0nmfCGKHOth11idb,lYnmsAZ2rBkYcnwI,HMDzYZc3rRFsQi3W,WNKZD6xJqdlxDlMi
3cxESDZmlFOIu1Bu,ybMgN6JPDd4eBeoR,v6AwujgDWJxKqyfC,uHF6CDjNCtYfLww9,TrLPrJNdCNuW2B3o
Lm8lz54MT2t8YZes,X72dqi8XtMViztbV,nXwW5feroWaYYiNH,rOv65zARazqw4keJ,RfiCt9NjjH9VNnvu
5pKvNuM5MCiGMVjp,X8TzMU9xMkDn9dgt,G0YIy7zIQG7BB8Cj,fSqjuhFHiBWEHded,rCYdqEe1yW6syuDX
t3a5IWlYOJE2L4ky,FqutKtM1oJ9ox1kW,PcMEuWOJwFFPLvL2,j9Une59qDpBtequ5,KuQR7IFITqUYWHnn
oYv3Pc7cVsOs47do,wJYRYYO1qR53Tpka,GCGFthazPaBZwxAE,eKJ3uoxRT4xS3v4g,hpZLsBmfC9BOKohA
5FTLx0DnxxtzwyEe,TS3lI6Mixliy79qF,DbRRdlTbeD7OORYL,h2cTzuwJTN0yxfnx,D4NXTialCRX66hzn
orBAwXggpHqTg4aK,VQqNFptiXq1MtPf3,rzBhGpnd3IuwwJ9S,9aLTixduebl6l9ge,qPeCd6sTzkwIpEND
Q2vxWU6BuztO40QO,wuynccnO5TbaZmJJ,NXGd06sQWiuXmf22,enp63W3QcF42H7as,H3FXsUFoM7eToG44
dBDBnVNcmme1stSF,JLFHkhMSO8NouLXq,XPxYsS5SXMoZC0om,s2PirtEs1WpbIJiJ,xV42ppkWoErJzFGW
Upl5YzVMfWlHSTx8,LnKLMo6n0msfAXVK,Wk5H5tQNxrwy2kkt,4eH4srAMa8pfMGlc,C1BB7lYVvW0iBI1o
oSG9aQi22D7B87vr,qHdBvuUAb1zllCYf,3JuJEXW1I91jzu9H,aSiSSVBP3YmKnsYo,1gys88qPi1Jgfi6m
XrkbPorlRYn0CLVN,45kM8JW5YrfFELu5,mW1NK8xp4EEaMbz5,W5Z9aAngxYjH772Q,jGgQssDNRI0Nu13m
rKAu6jbB12cpHg5Y,UOEKiDOWFPZPHY1N,OWBLzCPhDWTiyPkR,IQLeSGP6iJ8P2Hj4,W2WDdxCNvsqNe14S
N5JYNmbBkNMy1rzm,8Yplo5fMNG8gz1q8,9K7OJJ0CuW2aWj4o,y6ndc0Cnx31v5ybl,wCVsPjQs529gCMfr
A7bH1xM6RlXwv5ep,Nek4x64voKeeIlVU,CaCvNKT8Vr7XKfTY,Z4NzaqsQ4AZmKswM,k2iTM7k5bz8r9HZl
Cf1MaG8H0N6mY3Yg,p7gmEqriK70pQ9Vs,47OgmcuqhzctXncX,cNcRDjDeIGYdj4r8,1oiVxcW6lII0k9Mk
yOlPFEZZqqRph5SM,dyHrObpBuNbn2eaC,JEjJ23MIwVHF2laJ,DoVqxxD5OQ6UNUSs,r1oYV3TymELCqvUP
8WjDz7kb7ObQvJJT,yitsT0f05WTbGBQR,KQGdD285yRlELPRq,7h53Y3aRgjrVZWJH,5eDuiP5ubfAYgp2W
6Me3JIjWPETXHFHE,mBjMaSpQjeVNkEoZ,PI0odJxHgGK2a3UR,AO7hMxKcD0vATWxw,oB5k4GsOB7DGPz69
3POL3WrkaI0lMhjW,a70UgERNPjVMSWKd,X8EYnQRW9apJvyV6,Aob3i1yEwsRMwSoq,xrALzzKxaJQxLTSk
4uSWPaEOaiW8C7Ri,dYYks24d7w35VNFW,jVrIqFyKoRdESBoE,Pm43dhoHgZbPXFdy,zkUMojSt85OASfCH
MtcxaD7guRiGGJKw,3YXPpom76sPu942R,pYiRmN1vdWGfNxpB,r1fFi3h5f4dubHwV,OKeEfbNhhueN54MI
dLJKGzd1gIbQ6gHo,H0ouVaOnpzq6bZhJ,gBl0hR38oSkiiseM,IOivxZBnZaaMlaBW,hRzCuagZQn0OaSJ5
sqYQg6wyTKUYpTkb,HGLB2zsxrywVe0nv,fGIcZwchBKjJ9m9P,7POnjL4zOiXtjlau,6srrh0FWEAagulSZ
9lCSxoxavHMS1BdU,6ddoUfUgqTjhMlT4,xMVkxSGbY4ELRRVn,60nfrsSyyU0rSGSN,AhEqpEfcxOOaWkJL
VgEMa3jKOtG7Fayq,vhOc2M6vtRc8XKWU,E0l9WjkPID3ROeeE,Oasu6jnV3pzH3RfB,qBqoLdO1zVrWiHnj
fblqKBE1QBi4qJVZ,wMgZPVdpG4UU9yzT,7nTHIChmMj9FGEMS,759vDXA1auMV8ZFA,MLiiw6ESEgaLtpla
GR2ZAg1CgFsmJ5U9,jgGDnwWu6oAfVyfx,kYH9hIxlqDjx9sr2,09zFBorN3qonmN5d,Ah5apbUGZiZeUCmY
jq9RUIFtMFO0GlFu,4c8fHgLgTSFriqBL,l7eMBfx3Y4Xfva9q,hSIFaCqshoHOQxpI,GJTBskiJyX0lvqcc
Gi2blHJhdZFgl34N,LBvFr2mJRSnveNIG,cdiVLr2wOuXE5KMo,U0DPNGVuHjMwjQA0,C5Z3Y9xQ7xQCvi2W
N5zqJlCQkKh1GdWi,J4zCPyeZ3DRPzeCY,fHHqPmLSg0rnYVYB,riR38LlDUcHfko96,LZfyZin2QpJ3R8pF
x81KXCNkIBVUiXGa,UMRyQRR4HjdfXnB5,gG2Anoj52DNppAEx,0yiTv8BSdZVL44pE,H5aN7YpI9McymQNn
yEUmyUwZrOMSDQhi,gxMbqNoEJAIelfIO,S44Fne6FgGxFLggH,4qsvXdPm6mW5k0w3,Vvrpp9nJK28gblls
1F01vh3dolnjeRdk,S4vtrJfT5AmPTzdw,6cFj7sQSxgJzx44o,RL5LC0mY8KGwTXQ5,izjsxNxj6gbuBPfn
9bUkxkrNt4MtPKyd,Uvr8VO3vNOfq05vM,hSh1g8tV5yH0eBWV,GvAOAwbH6Vm6lbWU,GH4j28bP6IV4lM3U
S8wlzmp8srGE7v9x,KzU8jbq1BJcKQ8qU,EVSrKsbAsTtxL2iu,sEloJLUfQYqrNQuj,8B4vn8syQ5oqXYz9
PeFVkABZ6McXJk4Y,jT2A3zuUPBkcQ2AO,4ckQcNho8gTcf5P4,VsL5jCfo6mL9SoZL,KLqdl95vW4W12mkr
k9lna7g7TqbD0EQo,psfQqnlIMmPnMXrq,kYUhyvyidzRdqIuF,QOwI6shYP3v1mW1u,asK6YaOPYE1BGgSB
AbjL6S0AXzq1GwdJ,s0md8mROG4Wtd8qh,UnLBcSlMXaJkr7AQ,a4IpZC0LvJa0M9F1,Fooe2ZpfdzJzyAdz
5N2LeWLkagCbrA8W,js0Qh3FgDeq6kLYT,gHLWizdQl7H33yDk,6StUeMoAOr2MgIJY,Xpzf6wBuy84kF8CU
i1srsPqFYQslJipx,fSdSBIwiuXagjV0S,vcyWq16x8VBIowty,AXYkbcwJYtJZ6twt,1NqdDM6pe7I49Ni4
XIstgu0uMDXHz9xY,8Xe26emd5cqtpRii,uSeNHzF25Efz0RX3,s0CiUcZajPQbmFY5,ElY1ILuGHXtg7HXE
LnP40hzeXlMrMOjW,3LjttTbc5F88nNsC,BWILC2BRU1OLCQtJ,FNJznFLRcw5cXkHT,FI67pT5K4TDVIBrX
LrjsCA5vGj8xs4hL,ULgQvQh2awQJmhir,0xARbTnnc9FvGQCS,rNnKT7mGl0AW1RzE,LtoM26JVqrfdPJaH
MievhPsrgkfrYtF9,YCteTlNiXCjdx9Ps,EJPSDjOusa6Chb7i,3lFoUimu6S0d1FpH,qjDOYpnFLmfgsArV
Yd2KPCe98GukxtSg,atczl4HgzE9q0XoY,BQZBoOdCnd0Kw4m5,ptFFfj3IMw01kpwm,P1Qdg15rxzXQNb2x
Ed0sOmrKdGpurfWP,jeAQ5FTytZxub4ys,cVYfw3amt1uJrRhu,Imka8OBOy2lMjZ2X,HpstYfpUAGIZHWDi
VVACuvHuyJRlb2GO,6cysji55OdZLnOsh,qbzA6KMHn6pmp1WL,9xGh9eDpzTuwe75R,8UHWeIjRIPyBxhDy
CAw8KqENOzwbIY6y,5gicjaiisV1XH1F7,tzniZPM7kSRxoQ8y,bRPRGPYT1tJ14AmH,saqQnK56SpRh0Mv0
xf2T9e1TmUShdaqH,lrpykF7fS7bl1CZV,XUv2BiDxAUVVLsM6,bSJQHFCOBEdCLEOf,oPsRzKheT5CuS3xs
GBzE1LBMcvY1RqCx,c8Cyn9MkxpWGwRqc,cujovbjuhVcK7r8V,pZvk2tlyGDq7kInk,4YWciGCPWbeO9Z5b
7d0K4PWrBjAwDWMz,iGHh9ubgdydWigNq,UTzFeyaAE3j7TWFE,uXVoL5NNZBh4WgrY,4B3gcTbcyCX5IwrW
dRXSTnqHsx0EIxuW,ySG0gX5GLvgW8vOp,D5DQsDj0KHHlgdHD,riSNN01KAZqqbTji,wHqDcmWvBSI1U3j8
rN8Lwt8pTWct36hd,92dPsnad0mN0E7ra,I0sCnH955YQB9F5C,B43RwNIo2G0qIPhp,woqEw2zXZ2t80phZ
sO3XaJCDjGkaTnSJ,K3j99usKUS7tGfov,dUyGHPSiQTGQJ221,XDl0vh6T1RNpRTke,Mz687YTSEqzQk8om
nyJljCvFlLAaGENm,nSGDHayRkSVcxrKV,HPmf3iYaKLospRVi,oG1pWRiGeByT3kQN,H1osCCkMng1JNu6I
lbp0wRKFipvr0DYl,xH3W82SlwhnXZ6to,UvP2fssAtvMy6ouV,YCPql2La4SWRtfR8,lXOd2y35wuZsj1OF
vjYTqCZXoS8qYayK,CD997nff5Lq6FVG8,zVzEI4PjK9gAm62l,1DJbV6gRhOKsq4CN,CDmLlTp0SM6418Wr
BfY9fnr4OeeDdAjC,OGnMJI4xlFkRiQnr,g6fxoOoiEraZoWcP,pTqC9jCUOvZzMJko,fZ7mUlGnoPAWa2Bq
QJjXpr8W494tNMFE,TTNHGQGQ7PODr5Lb,ss6OXwNhqP7vkBjd,lImYzSWVTW3XfuFB,8k8s74bP54tOHIM7
XCYF2HbFL98uf48F,yunbzJ7D6dfi1ySN,5gclnrlYCkMXKWpb,e6BwV24A1fySsTbg,QroIU4FRaOG94bwK
ehWcpQg6LDaPgauG,zPThX9CU8FPw1lQR,ne37b47r6t786PQl,UVJrY4LxPY4KDWrs,jZeecw4GH1bhq5fa
BZvpZC61ypQUGBQW,3Kt2BlXtwLOpBqGK,uYeyjy46QkOmuxSC,tYqoI3Jk2e9XBqD3,JRmV973NauFMd88S
GOgEG0HBYqeV3juq,rfW0FHLsg8UYByoU,mgkwLALnQgxI7YH4,isPlFLMDy0JlNSGN,JKqkaEIk1wkAMugr
F25SPXnUTkCYmbPM,LoHbo03UCGIiuZbn,w7oF6yxVWrUQrwJi,9VHTRsqq5yx4rcEY,d6ArmF61a4LRRO0D
m85ni6vbGYI4jx6C,Zmf0ncBSEkoveLWc,OOpRSsk2T2k99htL,FpNzQEw2hUtwovwa,bahp9iaRGVU2rrd2
aIj9dpTbZP08fER6,YSb7znrlJ9xmwHEL,9UJaiuFKZmQKA1lI,9Xb2vtE4vk7ebomS,chkOvO40HEHvFz0t
vDV4uJfpLgGN4ulU,xdv2lGYW0f94PHRE,NJ9kGEf1MXinXU01,dpdWnJieAdGQnr0K,XHzbUGSgkaRaHm7q
0eRp6YVCoS2ASP9Y,waKHGTFb2FNw9XYy,xj8lgBfe2XC1b6tc,QbzMiMHqw46DFzhy,wkRluBBg3vuR5i8u
VeiUIk17JNEOXUX6,b5yJomOhtNnAMzHt,GAjRH0Sq3uQu9fDq,BXdNcBOZcDPTnRta,XYWRiT7ui8rq3Fih
E6eAsLrECsiWGj7t,46R2hqliz8CDBzYE,m7OtYLXljp6VnIIT,vulHQdjTXlBkk2tZ,NTEzLSvy9Tpd4d4K
i1RV53RfLR8vlE0U,ktLFi9dwXotKdObo,8XQXicrXAZ6zgYcx,gRBL15zv2I2hiMah,oQZkuRiMXys0C55B
IYy61iHmwOF2hP6S,C7tCK4JvnlozYpZH,23b9rL9SncWU7UTM,kq48xgGURWEqzzyI,S3dE76L3iuUKWH1V
SILSCdfFJqxKaaTR,xo3wurOpLUfuywXM,Azr4p6i8QIDOAueT,UgYDxEvSkBjGijCB,BRGqn7MQXmmhDo9y
ZfwkZtVCJtXjwEJj,tYBeKnSf4u23QX9i,6ORrD0ug1nIqtuoE,i53A3k15OQuDIRBV,jEXEoL47taOOg0vG
mRglvewvk5g8FNLS,Z0QQDAWyJOpW0d14,KoEhAPQPZ0zZ4eb5,Zrdv5O18m211PNXl,XSGzVQK4gt98eODe
fmTgT1wBQZOO8at6,NugOidj8uOQCMkEc,VnYbSXn3cIJ3cwwh,1UyiuoAiWlAXWW7d,Df0ErNiy784AsOZ0
SXhjUvRgvDqKEoPa,C4ZsUkkdwNz25B0h,sabwavbt32Q5m3y4,pDQZhyRqB7Rj4295,z93kIQFfoTSZLBdF
sD5bz9KGgGvGF85R,gbJUOCoIY7IEhVz9,5Me2T2PcOleVZYI7,a3ZyLQzzoLCFaGs2,OSCWKEUkoeQulKMY
qbUHHDjpy7QXsMUZ,hxvSN2GGd1Hf1KvG,AmDHB5RmYQViYxby,HcnD9Z6xnwiGjLTE,fjGW4zTctTTBSygH
LbR3oH0OS0vIAyVw,iBeetDsrHtqnkEzR,kcJmxjx5Zr0sLVGs,imBZ8QixneX6QHyN,tqF725rKGaK3S650
3h9T0SuCuq1Xkfqm,P06J7wwI8XAFHIcS,HpC1XXlS78a4XMtz,ECeWkE07CmYmGQjj,HpX3zygrrLGBdbAZ
laOkKmU8R1K9L5qD,IsRU7CMms1eXV2kV,A92D916JRnvz2g0I,omhQR0pHJjRuePWn,jZ3DKusVEkKKvYQo
ul4QSPCUWKP7oaoR,w7WHtA7CW9IXf8wP,VP4BWgwu5jelw2xL,XZXTtZFhqKgjCI3o,nQv4qmV0LfGtZPCW
WzOvP3ICIJCD0T8W,7zKrNpVksY9GN2HW,OWYfM4geoiTQsaJJ,KBsEFD08HHRNr2fc,D9mzWj1kMbx5rTl1
DqPFpDwDtxfGY48Z,w3NZSplnI7qQeU0S,BePXmBBvrY7ouGWi,uRnkBKOhrghD5m2V,qHAuI3b42FHcC0H4
DW1Hk03Sw30VBDH9,C0lB4jYplt2rtny1,ja8Hu7ari4Lw1pim,RrsPXAXm6OZoj6mJ,k9sScgOABBV510an
sd926w8lWYEa6VNI,Hx0DY9vu4DzVjKJM,teHDLT3FmDG3chRg,7t6JlKCnVlq0TKFF,fbNCglIr8LDSfJmN
IDId6E9SSuvGdsHs,MOFpaDJsETbKybRN,om2w1ry4u8UBop7R,VQuZage740QiOrBe,myDjouKCOv7iCcM7
Q1LCbiCt31QUpVA9,DWUhX5KLs4tHgyCa,Tj3EectXfO16tssI,DgJmFXFKyD0opP0h,URUu0MYa83nYQYli
6jpFm4zIN16lu024,xVpYRqvjYwMkWjRy,lxsExDOFLjZWzPcB,o9HVkKipSwsyCT8C,zg9kIKZ026JVKDTc
jvfTaNQQDh7TSI0n,60ABK3zrNZFNMWJZ,fM6fgVWrFXO7TqiZ,FKOx2xFckZIC3AVe,m532xNBQa49URNQ6
g8GZXF7ZIFsgfMfB,hAKF8PVucvakmgi1,6Yw70vWSSpnFWfkY,joZIs4mimtcQNPRC,Y7HDIvOaIrh2rQ0B
KgcA1mqvOfcWR656,CClgFyI0gdm2C5J5,bdAGTXVXmwX2a3qL,6GytiWFNpzjUzzNL,q4y9QsH6ZPL8vaBU
PUp7ygxyupOvMXTL,ESTUY2kyxXEQxn6s,AJ74ZhjwUdDtaKZp,84xrUMx4sF2TBIsD,zTKUGYmKJayYT7pk
kmLsbVQ7wK5H2TYh,wfEBekT9teiKkwVX,HfYLB90XFDp4I54O,GsNJmTp3jevC6r4P,BbceZYCs7QaxYxQC
dhmSYcsKmT7Kyh1W,pJODV18DZ7Nb0Xqq,Sypj7Y8ofiQVHHZX,EYXE09Q6Fy4YHdoH,gdrlE9HxSV0uyOQ9
vT4tL8mMAb5VNeKZ,92iCADm4hYxbtamY,dasxi7ie73EnFj4K,x1lGESJhH2Kh9Ubk,zi2r1OBpZUfx9lZl
xEQEVuprif7wDJmr,lRn7kmsSr13JWEBr,uc141NW7X0qih1hA,Oq0phI7CuP6fKyRS,8bX6GnHJRJsAMdAF
Vgis2y4afUsOaL9H,XlQ93MVDTrlXBDem,CLxlqwK2mvNlJHJR,hm41wvBwMGeCyRtF,qBeU3Y5fiLYuifnp
ArXllZZ4x1oNcBc0,0VvslA96snCmm6Yb,X9zcddL8YLGSwFtz,zKnydrcTzLDf6p13,zLvBFXJzGaR4P2dA
2V1aLQIxkG6oVmSk,lYRisoKV2Tzy68Yb,IsphC7LtTehlFdg0,94ifiwqn2FXvVMfj,oxoJ42KwJMrBShsv
9N0zRhZlV81cFRCb,QILeP9qGJdcSwmeb,GHO6ksF38KF4fDll,aON0Lcz4A76wGs0x,JIYTsWJ1sUamAFSv
vVsPyV5tucVa1iMl,VecqJUeKZLykrzZK,17eIFcnvGQha8iwB,pXgDCL1qIzdMYjQT,7CqTmH2Eltk4DQqy
5nWPoGunTE4thehr,A1U5G6htFeDfOqdi,UtRC7chVH8OvPARy,WJ59V7H08l81FZ9B,7Efk3a7ezk9SkOwX
0Dk88I1ZasT626fe,Z9EMFlUg00nCpJwT,0W5ZlcgSkt0mlLxz,3OK2XYPoN2CYH2eF,MXHYOVWmnCD9JCBa
Jd6ad3TQEc6SiCTD,NRI83C7lSY4A5tum,V72qvp1BypgUSamB,i4QvFlI5c42Aq2U2,V4K4JwhA0OVRKmlz
BkF8L3mnH4GSljCp,VeCMYC9oiroZjHYb,A5cdtk98U6Yi0Jw4,5ebW0WQFGDKh0Tt9,SaC2OeC6chkS1PIR
n3BZeT9iVOnfHhIs,cxQyl6HQtUBJpAkL,sYlMDvEcZZwCgIUM,RDAnzj7fZqJ0fW4E,A74oFrTcvoAfqZqX
bZ49KCTy91QpxF0s,PVK7QUffzmLQvGva,6QITvP1qJnTiQmU8,POk9gq6psmrpQo1q,bFG2xPSRiCT3asTZ
Uuun3KzaabRrejP9,VaoYolnXAKKM1Opp,NX1YGbQdgQDmF5x4,Xg9udSVG0XLtnQIh,ClcRSUSPrbjb4Ivl
Uf2w6ckThe2BAY4n,RC2E3hdDyDq5GFfL,BIlBcv6ikwASTtL8,Pz8vtDrXG3U86rqF,SDeikJxloxcFfFE0
cTSAxWZZOVZb3iln,2ZaLldjM29jHfyEj,AlARlT30tdGr9IIY,gA3aVbXQ5aWz8xXx,HJmcthFKrlf2RnwZ
GrE4clM9ObCpiJXo,Qf3GGUecsdLR6twe,ipYDn0X33znPhuop,uq3Mby9Li1pZvZ4l,EDHjuUbw2EVIM17R
SUOd5MDkPxRIVPN4,6Y7RjJtasbkVoLSG,lc65nDgj7XCwqtjJ,QhbktDTm1suSbfUC,7ChQS8aFcNPieaHs
XO7bPIuhecyEBzPq,JeTFDmSUBH6ileWT,GcxTYKPsphZfZinX,Dph1MwKJYv6Gfmdh,BKzWu8YvE49fP0RZ
MnI9ApC1CFNvg3xT,rJ2XiBSbAvDJOQwa,VDgittLIld5tNB3R,ThnLqCfvek9fvUiB,gJPDO80cAVbsrg83
JQzeHGZHZ0vwgciF,JUtNh0ISwxKs7Q2T,3Ofe3CF1uLXhkbSX,2VnrV0dnpCSUmsyJ,zwMfNlXztAfrplYJ
GWAizY2O9ofRS7pW,DTEYR1MXHCTi6ajq,t9emLqutFvgeisr1,vrDQxRSl78sacoK2,BcARbYwLLpgatDRu
wCj9yIBviDD9WceX,clgZLlmNle6cPlWq,sHQZ4Q6nPzYZ3fsT,PcrVgkvnbKnxP2Xw,877yeemEWapfMIE7
qeExYfUQibL27kMA,o2hEtwqQMV7YrEdV,1J5m5nCLyMcoVFfn,wbGtRnr1gHi0whAj,9F8V2a0kA2gVBBch
pemK6bMok6zTUfq0,TPPXMYJ3MWtRNTeQ,puAiUiwqDO51X710,WFHQxUXcpWCK54Wr,lLOGnLlYWKAbWoMn
6SOnRyh5vkdO08on,279vk0vP4kllq5vC,pSRAIda5AN2BnKc8,g6wwC9UJcstI4ng4,TyZwAg1SsDqPCKpB
pj7iC8EJ9eFZEzaN,4PIlWY1Urc1suaIi,saeIg2wMwim8ljG1,wBkXWlia2k4CSaX3,GvaZC32jooUUalf0
VnERKPi6xkfA054z,1EHgoCJYvktejo0o,6OCJXxYAOCUmFUt2,sli3mog0mzBotTZI,0EpCWObRZuJO5qMh
54J9NLpdLW82ShCv,uy2Z3wHzP74MFtFo,vrGgDh1GExsqJGvF,UvqT6lk07MCz9K6y,T2vJX6WuUUKyp7tv
tjDV5VcOmSgUew6k,lUzKLB5OtzGaAC8P,ZWQZUdNPzsk9CtAp,Ya6lZjkCvA2N4xS4,OZ0cGMB9cxHmgKiC
DFpqdsMKCjzr47st,4JL5hYnPOYj6BZ6K,0gffxDgp5eCJvdYf,VrYo1mo08SUlmEmC,xJYXU3iEheZmQGQy
F4CDdUfpbaBpH3Kt,HFEUcimlnf8IfVTm,9GBaz1KxLkGVHpps,LLiy2Wg3pOUUjzsA,NW33B82khDT0QBFV
eQdpNnRq9KT0SQ3y,ZQJzaIsTlWmrFuey,mWAUn2eQjbRDcoqa,1MWmaw6CeRu4BiPX,pnMxFu8c8cEz45be
UJnvaxq2gyGJwIy4,6exyFUWwzMbBJ3nX,OzqmkpK1P6AaojqQ,RJYfmiYTVbbAYYbb,m7xx5tT5cLlMQlE5
L4NVTXFV2BVqFyvF,JOiYJSq2IWNBLY1h,OridwA9zBX7ERYGI,1WgeBL9YU9jq98W8,KhW02AoLOwgkTaQN
7GjX3WlUb5D6Uldb,pmYVArijoxWbzl3D,S7KQmxFjyBHhRdkh,17GmgDLZS9rzTing,7yMSEbZH46jH63oQ
bk1X0SzVi9dzAupu,eYnw2vD0YMdBg007,XE7PVhg1c61s2FBv,Kk8NAhh3o1fuBm6r,nUQyLg2ytZF1FAcV
nGkG5dh1Lf9adMZb,O8PZbFOS1qnbG1iQ,2zemW4wyZABY4Xmi,gDncLMM8jEfMu7cB,ul0LAqiSH7aOem6m
hSgruGEcSGZPgklv,F3bDo8IXYPOmw7JS,WJjjXDOFNrFWKgqX,gHosnf1oKG8AsgVB,vWZQdBC2XWCFdbZg
Sa3HYbS1fnQ4JiqM,lRR5z90gMHUfr01d,8SCW4E7E1tkMpkYt,75bPs5fF01C108Ox,VdvE3CUWZ1pwfoV3
yAGgZRccpLZIdSbT,NwElaihP9zWPgBpt,bzmUdIDCbOkzOOBw,kG6cRy8wesj69Oan,siMGMVHfHpWVrNnD
Jq6cxtgCDTVQEs4g,W6ilRofOoA4Bbiau,8jlhdAmGucr1yksd,PnzqzaHzNaowr0pT,FgwxJU7nSWchMdyS
5TlqAX4QxQ5crupD,FBI0CdFxOkbhmdHB,13eqwJGPgYjxqtZm,s5maqeGHvZNipUBg,0JH2MPC0t2Akid9A
TlyrVCHnTzArFVJY,Q7gDK0yHr2721hsB,e0iUAo3sr1m5BlRl,Mnd5JNjaINynF2Og,8axEYUhKwKq25wr0
yhqmt5s7y88ac28j,c1O71lCMfx1IkOde,W4DmIkUVJx70F26c,BI4hrv1F3OkeevxP,rzsmPWzEJV4C3olo
iUQbLCw7DaJZI5oO,FJR3bhlJzvd3Fz6s,lwYvMaZFw2HEfRm6,0obvi8471spEPB7r,VLTC4JcPs0cs0kOt
jcwF1y89I1iKRSDr,f7rWb7zlcGhfBOfJ,vvph0h4ZfdIwVqye,tpShWbrQIQmeXwyY,bx747PiY0Qn8SKv5
fOZLODqj2kqKt44N,zMrPVqJrPb9WIvkC,f6D168PioStycLDE,9lKGiCrxaBCAAFg5,bjirM0xjGjy2ARmf
dSVDbjrz08YRe0Nf,4NWiaEoBNzvY04j2,kYDaMfZr4y5lTb3N,vsIpFr5zJUzYz64n,uwQdW2YLb1tJf1sw
VAHXPJG0hxnkbOsF,v9kaGjFmhq8Hc4LJ,tJoJhu0l6jmgKwh3,vQ2kpj6FyhwQ40I2,natI6oocLV3r0G6V
FMDKGlYtRcI3VpSs,F3Dy6kZLt6ijd2De,h10grhL8uU8hvsry,VL4JEELTcip0Py82,oOiEnrd4Q6wTF28P
yqdsXsawpj14aG2X,yhKDIcbLv7hRBbvU,otRcEEcjJdRNS2nS,QQzxqmxcBQaoTF65,JabyPG42PGAFVzSJ
TZHXKiYweWmQVmTi,pUPeR4i7pHYfbh4e,YYhnoDednjJRsp5T,USOH3AB6xa3BFwoi,1WoW0s5Mcc4l56kW
GJFw7gME6RiJ0D4a,qI65LcfADLKDpVUF,7vDgU7NQfXorkBLK,1bO5QkUWkRMI9hYd,Lju7v5CKTEUVeRuk
21ITUrBNr0l6jpiB,fQeYoXENoZehUlyO,c0tJPGJDf41yd9x1,m2SC4F45AwCokgaa,aGuUZtb8YOSPJwWg
nE1GBEzsRLH3nomm,Fk5QTqH1XoJ2yVn4,BuvGONbxQBt0iV7r,ecoHn4Rf2Yytap81,EKfTVgbOP1glwqGL
D0j3r4Cr72FL8qeQ,DWFiuXW2LmTFeE4L,JrfcyEtZzEoLOkJF,fbnKP0cFT9ivah2k,7bG9Ieea22C8jSIq
kFwTa4jHKAkRSVSI,O3wL0ItSVZxzMxfj,wnAnS3OaQg61oRyH,JlQkvqtIjgAHOzKN,EHLrBVDAsGzWXeFt
sw9FjF1glKU43RmF,zPKVBhxv8S4t9oqN,amPw55dK4NM8YWX4,LWBa9gzdbUHMvLrQ,TCrlLPckTPSI8Rmf
FmAyq47XFtCI9Daz,Qqm3dLjo3UWTTPxW,uiw3IvTzI660WE1s,h9FAzgVaQ1fMWzEw,AfY4uuJ8SfB7veB5
YblXc6h0fuG3nmZT,610kNvGZUBm9X7N6,zNQb9ZvUlD3zjsN2,NpwqcdLk3YiKY9G9,VklsinAPeF77TAWb
9muxQGeyoRGTRTLz,WrnkwrD4pJlE5KDH,DCjIs6z9ACDAP2QI,MrQWBCUBPcvC88dH,rXTnUA1EGpVkjqC6
PLUF48zVAF82rAMp,Mz0yV2y3ExciLFo4,vkffisr1V01x9OIW,hybMhO3oQFeaehij,QTPLN43LJNcFAilJ
WrUbrALdciStvXLD,0rigDd9YIbfTmTyP,ixuMkBxKJBYxKat4,jNK49tXeAeGdQCBQ,xCo37sILHOror1oO
iIJTs9L2OKhQLyPH,veEgp9x42sGbUwR1,lYbLUEkMmmqOrvXt,oJpPNCKyIFSVWC3C,Z8Z2YxIpKjNQoL1a
BABndjxtqAlq529i,4otzVYAdgDSSMGBQ,1kYrqESfLwEeiDPp,pytsqzmZ9LWxRIXY,zerTcTC8PecvP1pX
hVksDMSYNUiQ026F,J2qjv0I0r3O9uHfN,3OfjOChRc8lLvVxO,bVHsBHMlRV3R9TSs,XToFCH15RebzTEKy
RVm4PiQmvtJqdukH,cMIqk6neZoDR0Ten,CAG1wxmokYdHebjc,yAXR01NKZlpvSbAK,Z1mICiHkzwkV8cNc
3pcs4x8kYBTCrF90,nBG7e7Mf3VwJsxAl,QQpbgUBJCt8aLqxp,xcIhR99udszinhj5,Y3orUVyofP3jELaI
GXwrgX9XckKwm9mH,jXesuQUfSpkjaXHa,y0TLO4Ur7QJQOEBi,EapWkKp8BTWVpug8,Ytfo6DRwZXjtuVOW
JLBYCHc9LiiMnUfe,BlbrnAOyh2wY9Be3,WhjzwXOTbNEqp93i,uyJgSgARvOuahMbI,L73Bnvjs1GSYbINO
h2nSIzUN0jYjhkXS,DvTPtZRtrq9Sfm62,kSRgpCcIqgBB7ntQ,PcU6HaNvV43qlWlU,9WcbEu9sz9PIuUkZ
zKJ786i5c7qKby8g,60UUjhVuDE584JtR,LHZ79VNywV69YvAh,fcPOQpnZwp2lmPY4,Ck2sXJxRFSSdQE37
p9cpFuSr9WqsKfhE,A34wapXeJZQhfIRl,K6FhrA81L9zrdlHV,aFQpHLrlXm381Fum,md1YoAvthssPkqAX
qW1szUd53t63fnwS,KxKd1A9P602ppbqc,0QU7RVq2vTE3qVJj,owCDBBLehQIDhv2S,zqzKYWqKiyIDJHnB
DxEek14Cm4yyZKzA,Ymtqf455n1UGrf1p,ZLXxdthDfEEkBHIW,MzjNeU0avUlvMc6S,ZIUwb7QUT9JtEcH6
cgNZ2TqfdSZsjB0n,Cke8AUgtY3v09DqB,XBHeWmvtMPcBRqWy,bRHPOpk9RMP6YAtl,chQrlOHKVgxYQYns
1kwAYjCmFDgcog9K,TLBba09ii6mrmcB5,RVxPQQ7dmF5wYJzz,3CS4H6K5wMv3BneL,67iE6XPmoiqpiIfm
kVgJRUnRNfVYzU1E,xOYGX3XUteyYIk2v,EqIbp8wR7ogapmmA,05mMokah4p3FszmM,0PkHxdSl6qH0gAgx
FCCu11ORPhFlNDqJ,AHTuC9l32HyjJnw5,THnPlwwZFhv2r058,OEisEtqcjFRD9AyU,CM8efhs7HXASsXw0
qmV9lk11pIwPrWQM,RzDYvrPkO3o84nsd,bU96MFhydJvUs2F2,T5L6fcOVh4Rtu6BP,jYcgn5H8Arlyp2s0
AMu8qXobXloxLttu,JscYszp8XeIIVUTO,qSB4xQdmG6AQM8FH,qY5H63sk2tEFX8MI,3IOykUVBu2iB5Igl
RGU3FG1U5NfCMgiI,PgSxxVFkkxm9cq80,DBodrb1H9Ba6fKiC,iK2oVaw5QUETbM1o,Ub7upkIrGQy0V4bj
JS0vEYNdToWeiyPd,8HIB81PgM2dLaYHv,SlFiYZCEk2ro9dLp,8S9nvimIvNvSH2Ap,UHqWYmBKq9zyI7wI
cZcKGU3whhnM0KgY,vQx9dQliQvepyZxy,gwZKhMcn1a1ogjWr,pCZIJqUgmJMENtt9,eJPmjw8kfpIZzQzK
guqA4u8Wd3f8rifH,nJRWGCAFGZ90ULzV,jIrLvUpXRT4qO0g7,oymBK661RY5MZ0XT,d85RS7aovVLjEKyY
6WrKWvjDQVUJswLQ,0Qi9IL459PWkDA6B,OssE6kpn1zWp3jzb,QLla1IgnSzwIiU52,FzMyDli7Ye9BB2Ft
6z9mrvb9fWl1DOSG,9mRI3sd6rVuSySn0,1Ru3lCeRdligjeEx,6HTBlYmKcYDXM70W,ULTJPR5amoFXpYSw
pYlMzYO2PHj1FgrR,OrM9DlVElZqaeLTI,HQjT9ASFyqyqbnI5,ugDMUPsI5E2wwg9T,JT7kuUWxBF6EdiJj
lCWD2wzevJyQzhRH,crdiPJ8yjCEZGS6K,YbjZI53RGGqKf8pv,PR6jq1r6fNDGzX6s,yKyWgOSGar0lJytS
eH5FXuiikltTRegP,S1M7GoBRjaJt48G7,Bppz810Ju4TyupYn,vqPqFAJXEzAzbU1y,WW9KchCd8mVmoMjJ
KhpMokRqoSrjvvfG,ZaRZWiVfIvTlna8K,FjX2HNE7BxjpmJ4r,x7KpV18BaXmMoG3b,eORh5JsUobI8koit
0ASvaEZ0cNcBwlYs,rZ6yzZKx0YX9ffYS,Bk4j19qPnT9WdURp,RAleSvDXyNd6kC9v,ZZuDSqxiC82HRdbr
b9qeG6AgdGV0Ziuq,byD4U2QtbkbDb7nK,w1HpNsGsa5IoAV7g,FbZTaiuu3Ofg1Wsl,oAHRJr3CN8PqXKbF
IUolt8kPr9kxyW36,zjN4GPCTmq0YVIki,tWFE9wuW6UFgSgSB,wWcTrojF27FgkaSb,pzN27AeuICggpGAT
IRBvuh8wDpX8c6vJ,9We9pCZ0WX6s16th,01MnzcKnHzTvxdik,DmB3JuQd2eSs1JCp,j7WOgJ3NBuAZrE6R
BWvV3I7lBpp7wpqj,iHN1mCJh1ThTPyQN,hWTUQCqxKJzdoFoI,B4BdXLc9GqAkS94b,cmlY4PcJKu7naPTR
dBpRvUx0pra0sruR,QpcFAo4qZndXoGq5,l6RMVIjWsP3DQx2N,AC5bOlLrw1lLh1pM,XTp4sWMxLH7pnSyI
QBNf1L4FdQWvi514,f9eA72NWo7Z55KUP,11QokcGbZLDjVbxQ,1h0fK15kTsYyEGPU,dNUeQUVjKrim2WiL
ZzfLuOTa4Hq0d2So,vRffeboE9FkJxEqI,QCFSRBUIjvJpnz3t,03XLuttp7tAgadBk,glq3nRn8hAPf6uD8
UVGppyBbz8LFchjQ,NyABTezQCwKAiAvW,QHxXP6pO4Ngvg33w,tWCcFl9xiYuQpKHI,L09zzlxlKAfYlhmG
a83IqJilT9p5RDs3,BLPHbzz9ffI0EYTt,GOr8dSFD9L1fNioD,QgmO95truBeaMYBf,7UeVnSSw8lIgIGzw
vVfxJwRzd2WXtToN,Nvr3wpvMZfN2FWWb,BtIJYKwztEdIj68E,K8xQwYw1yRt3N92T,Jybk47IRkAAoUM0N
vNPZXaOIjHIdeSkn,hfx3xJuaSgLGHy1R,AXA8Nw7kJp9DkYYz,nsHKpnwimoGJHXrL,3DN6vHTQ0aQwk4NX
pt7ISBijjzFkCOlt,jH4HNarWQbxlMlNh,NNZHICLZDRXczQn7,eIbCfnLyPvIXoHpo,raQHstWifazNPt5L
hkWzbtNqGTVLx2OW,v3Mv0kgytAhn3m6I,G4lHwrpBaHMTXM9E,PKfF2gAK3fSgxiNH,P5IIxLnOmntj4xZc
uRRrDnWdSiKJgCcn,i2QPJJfDp6Ut3J2T,njYV7OwQIQWYsPpI,wBmL9zwuQCzIucZW,cKg50hZo5qSPaYek
63iSy6k3gf21L1U0,3o916WPJ3loxK8uV,IJ7MIxTAbzxa8e8I,0TTirBsXeWfzYORk,4LN6It27u7RnzEGd
s7CudWLWVGArXAuZ,91MwxUQcLwHypXaH,DYj4CyI3LvkP7p0H,iHiIsKJXE8lfs6Na,n7oU6c5YdaSZwIap
utrOFWpHJKLDUpFz,ZVFAQcB9yTSD1kOc,zxbZC9w9zM500fOu,W7czkk0BAUxL3qyt,e6FhznKCrUWHIsVT
0ifuXoFy8AnJnPMK,wmvvJzukxEWwGFF8,9aDEV9rxyZR9w8fl,iAY6e7ikykKTpw9s,g6GRDh0W528J4PMP
SmqERnhvy63OIjwn,YBSOvu509z90EF68,dyF0MN2mLPkCErPS,6xyzWhnUgdrdYW1r,wPPCkEpgF5xHrdaN
QEw6YhcYqLJOGFyk,zDtr5hTCEk9WwjGP,3EOFnnKSPiF0N3Ji,YH4GUDLlokNetPpt,vJw9gUhSK0Rj4TwY
sfBZTuOazu1GJ6PR,sKrZ8JlpV7YLafFX,85Xz7kmfchqjvmm7,2afb7vNZECjRr8k3,2u8TuusWKeBLpdpe
DrBxZyIhhNdFlyFP,MHaQqRhFK766ZiG9,8qTg37iJntZ1IscN,odyMaHvX0GtRpYcx,SIi1wrV3ReuzQ9FB
xkIWGWL6UM57soAC,ZfTr48h8sU6lgHUw,MSlobRsjU5mErPFR,7eW8tLyVvVRbTqFb,zH8R9pe05SUo9Yz8
L7QDkCBRAuMqC6Cd,z1Vqzf1zdGvrcNXe,7mWU8xjY7MGrrFru,PjcRo7LLsReuIFRd,5CRmUuijmR34LFuo
jmV4z697Lj7YfBvA,FenWytRAzI57vrDG,w1SVcWwtM6SIJDUp,ZPgIGj2I9xbnjFbl,ndp2fMcbDRO15SLN
s7wsa4X40CMvpVks,WI6Z6O9siShOsZ7y,7RsAVWyNFd65E6xf,DUO8cT4ajsRwCYOJ,sIIYLQEZ8edkMYBM
OafhZZeGEVTzmxPi,HQMEgbt7ZT63paX1,aryIt9bGggJmeJWN,wfCklLGnK6mXN3Cq,pVPDdD9RqLmkx0ZB
4xnMmTTh6LFWWMHq,VhQww7HaHjxsI0pw,NcRTJPQcdagbvZSU,CGXOM8b47bzSNp8w,Q5RatY7icHgerirY
mFdeDUY1K0s5quR0,wARY2PfErClwl97H,7VYdXDJbLxtyC4gk,enQhrLthOrcCCOmK,oceTsZz5IvOLWXjy
uHHeCL5LXACJro0x,Af9PIUW42HFReQex,9GRmJ0I7zCIhzGzl,2w8kd2P5JQtB7HSS,2sjJQnsf6L5RdLUz
HJtGUlnTHw3c05qS,m9AUzptTqvp5El0H,KeDdAGXHOGrbxxMh,XbepE3ryiNHk5QW7,DZ3FJ6M4nwuQhCC8
41mjxER1lsT2jpQA,dwG7eJzlVgx2o9sb,ijuiU1tVMaKbqp9g,qVznBztgIOLft5KN,N8ZZ0fw0JH0ufgPP
bLTY5lUz026yiwwR,EL6woAEbRcwDRbfv,EO7jPtEwEWwOd6R8,fCKz2He3WROhLKQF,QmLtt1y39r9XnfXl
bntS7YpKjetQu21s,2QxHFzRiXV2f107n,9cutLK0TSPjbv1TP,u1GwOOXhc0k3zgWJ,DJFd8KHS8qarZ0tm
E8M4RLr1WHhDbtJx,gUWxNFhIT3LeTgL0,s9tPJwGDsxdvTQAk,PDTRn5CJEHMx4Acz,OlYdzojKu3fW7osI
RwrSMfHjx1xAxpoj,c0ZNwjs5ZDpKsOaF,EaHm0prY7ZNyB348,tqGEOVrovx2m33Gr,B84SR9sm4N2xqTCi
qeMAxp1X64KBusdx,W9LqrGLrOzcbLo8p,xUWwveJ8VgzQStic,mhQ8twQ3u2KPs2KR,5oPfaxXVFqTS9lki
UyhPolQmWO4F0b4N,jl348DVcVT8TIT7Z,0CBSkmHD0j31hfGj,7mdG0wBCJ6GVnJer,XKGdIdin3S4LSON9
v4LSeI5SfiGDfQRW,66on1QuSkQjMyWgw,TYU8kpUfaVpETi7p,ziLyk9TwVF6Y6ALq,6LirjLHvEj0ytqYw
89vPgs9ShxeOoWX3,cUahxKMDm2xx42vo,6HnhbP25cByGtpWS,KNVh6isED0DwKJ7k,d3DmcLZ2xe7PR3Ow
tHXLtiZz21iQkSKJ,rXIxA0iJ8JufqngN,Wz0dkiFhoGs02Htq,sTqka1nqS5mZ6Jki,laHofkIVlo52Gqiz
C2BxkeA1hmBLfUpD,4cS5cRDY8ug90qtp,YGk1VEkRsAuvVujX,TQv3GKrBkI86NMyd,5DULFlhaJcWyFPM1
RIADatdJZ5oPH0Ou,GRQfRsDFDjemQbCl,0wUUTRa09L9jOa6Z,bhQTOtu03GK7xfj7,osHWQu8i7g8jhox9
19nUsHwGO4cZvc1b,dmvWbdwOl09XWDg6,9Uq9pmQngi4JC7j8,YvOIF9Wg1S4NpvSL,0Ix6H80xk4XOHTt4
dkoq4JYWg9YL1DRB,RCnwMErlsh9C7Id5,XfEL5nrs9ZxxxX2n,i77sJiDxM8Iwsbul,pEyQTdYfn5Hqz9nb
ejA1JvIHiDmoZCPS,M3GbwqdfUAlHiH3Q,2hRzftLSXiqA09Ur,y88Qc9dTQSrPNi9i,b5k4L8G62Zqv5bbT
A7vhNLhI4c4qdErk,ovubq0M4pSo57kOy,RdUPZK1cNkvrZMqj,vOAry9MJdZppH15M,yqvjRxY0Vw56l1Qq
XsRzMtZQeXKHJIyu,cfbAjZVHRNTgAhT3,Vtykqk30fcIKZtAo,mfCvy72IZ1evMaJU,YPAntCZRzPEnTUWM
WrLNetByvl2CFc17,CWCARu3OtzZXXixk,qLrLSMqDkGs77r80,CFPrNoRKLMyAKjBq,zJD60T7m0WfoVSUV
O8f4jvxPB8CJVVWo,fl1jHZnZQRDIuoky,J81chHQOr6937gn4,rJ6zAcs7ZvIXZPiQ,XgFykeIbIlil2A1f
A5qV5T89oosEtPH6,WkzHmlYGaTRcrTtn,maNH1sqXQdLP6fCi,a6ZLtwtwHjVEl4FI,GxpBb5vvPXyPxiWb
rDhSZPVFFZNJFwib,1kb6dGuQ2m9jzxt5,jHQwpBCvGgwv8Edo,gKpLbTf52lGaUt68,g3pJfOOKZGoRRiDM
rwsqIehvv2RWsc3U,aHo4IXMQx6JUFhkg,QRoByHVxkdM46jtM,eoQmK2eBqrIR2VrF,O1gp5CRuFxXB6TBW
DXKenAIu3dQMRVcN,HeP5KdLZdWdF02Nq,eqzCyi7IE9PRhdN6,vApkXsd2mebv2evJ,ilIKDfvcwIcTWeKa
MYFlZUF2WP5aTgr9,DOrfkDygtdDqmS56,D1j5bADIpzrqZCIt,2oFALecxT6XM1TOB,AqeZujpvFBGtVcdH
77UfRyIemhD5wei8,0jEywf9Cp1voRfQM,kgC50p0QvGCRpTMU,6UMDmcr9xi3zB9Mi,QUs6SAGtsu2NAW8F
sM1Qt7Q9zfBi1x3Z,Gq5bSVAgd4ZLNvjV,rfrqSWs8vdSSxz86,B5AviYdJDhhd7gnS,IhPlWwxCCr9O7idh
WlsO3EOtxjVQeMyh,9rqbkqYkx5KzrqwS,Izf64jVEBn8FLdKf,r4xfp8L33ROiyQzU,r5eYAEDoS1WVhXUQ
j8qEmZOyifpfZzFu,8HR5qmpk9Wmn0KkV,OYHFfMfEDPilPAcL,k4srLxRCdvRrquci,bQ5InsU6LHA4O0tA
tkMzFaZqmNUzvs2g,YISuO8NuaRkKLELA,5ehvkKtaJsnWnDRt,pnwAzb5DJxCmx56u,W0h9P9ptuKVFbdw3
O0n9uqlTyfkGIUCj,RVvYSOq6WpXnBcnv,J8IrPSGYlzcjOO28,G0gyGEp1BBYDqMQ4,7DNYlkvlq5poFge4
Iw9rxZhKguBBab3w,3etWqQoDhnV3Kk52,JJgVXCRsodJ8uqMy,8WBUpi5CtWlgFbLW,6l57LMzHqsm4X5fD
ZvV34wPSjdntZRdL,SI0RNbA6RQnSRaAt,60WsPdzWPvmZJEDo,fdlU1R3HHpinAsoI,OjPIFsUDdvENsN5W
2BCDgR5yu86fIg1F,2Bt4NquYyOXCO0bC,xHjYJgWNoeFfQtX9,7DMERMH4LLqs5Dwv,oAMjgkj4dhnP4f78
clg8192RmWtQ8UZg,0QvpwCeGjjTxbFhR,qzWQnoDtQCce83wF,FdJD4C1SN1iDpMrm,lnLhSFcJdV1xlHwq
GcnimYnJiE0G9StS,BQdZxgkmjyJjRCY0,k0BW0rlfHrWoTcUJ,z18DMtMz2ccuRHSq,53JxLBGA3J4TdMM8
TXu7hNC2irGpcXhB,buOKiZOSvWFPLexh,zeW2bhuBN7Czy0tU,FeVvq7xzMnU8kDvq,NSz4g8C38HNdLdtX
AI06hPoLqMCtSVB3,ReBGiad6YbPNXuVc,Wv7v0uNkPinPoTc6,iV6VDEQGTIkh28Tq,1jNbFmdgbIms27ms
z6EG7u3Wuqv9rpZd,iRLR81YCjhsOAO08,Aeokjd4Co8xtSHYn,6UwER25UnB5CBlBu,ZBYtZgzeDPC4moA5
aH3m9v4iu47mPEEE,ZITRFMCidMkcls1F,h0lM6zlIuo1cDuzw,9wPvZUrYn5tynpwk,yVI3sMkwgsR61aiz
n0EOb4T8o74ZnQtJ,O2vo5EZHlXmzlD4V,dbSwqQdVTFy76LEy,vSobn3Vr3wDmx7Yo,3CKBgvVbVxlbJXMn
7z12Rrn3qvwmgDXn,NKHfn8kp3njyByHA,Yi4vFjtejbd5dLBH,qqTemVAAew8lwocG,FJOvs31u3ONxckF8
IErMQBNoMiQYrbl7,IlA7i9kycnDAbs7u,MH6cWUUvRqTFr30r,TtvYe7UGwIENzb7q,7hqMREBLUFwlqV4a
cUCVCpdRZUOV5zsK,16WOP1Fdyl40Wao0,lu8m1lvJuLrJ1ufi,8vErpvNoLSzEzJIC,oIarBbaXy7snabeb
NA8BGGsj9OuIVjVq,b8jNf3p7bBOxo4Tw,YEygLjjoyFRo0ivY,nrhDdFxQzneSKBlX,HdYpaYlm5Mmzabe4
u4wgYNDPvGddfckI,ObcXfUxxFg7Gi6XP,vQwYGmiyoZt1zboL,NQWj2bp5e0qIxEfH,ajwdNA5fOS82Qn6f
OqiUAAz6qW24q7VI,if0ouF4xdtzrVixL,i2nfnbLgV0hY1VH9,Ae4gyGIuml5Oir2b,AXK52GuQUi40kITE
yMzJXWBGKUsBkL6e,WUf7pdCEjcCstW5n,LTnF0X5cgV3GJB6n,MmfKXvhhf69vGcP0,yZmKApslMGSKB4pZ
8rFtQeuZur0HDsXB,dVhFyoA9c2LnjDfD,ClOLxDxnSyGMhM58,Dm24z1nkuBefpPxf,xCIZr0sfF9YwopXN
YxyATkwZZw56Fe7l,PGj8RDbklpkbeVfq,TG5lbVagI251pVON,1utewIl9GhOjIDaG,IjjTlJQEdF9l0qjt
gg3iRM2FHoN0cp4q,z2IwJlu6x9Gn8Lnu,o9iozD2cU2nqayNH,VuWIrBIRRpI9rzPO,oROn20FwKP5YZP9U
9JuehgGaz9u1k4hG,AN52o2WMcwFIsCdU,X8r1LrvJV8vgnVRY,JLazmRObmEI6ekuj,VxmKKHwhyhCTdvZE
hnBh7j2OfXbOVLsF,sg90EDaQ3rTy1H3f,JcWbOw2OPSQ9GCKO,i7aOFXgYaNMndi98,oyaamoerks0K1mq5
4FvmJM0zLnVl0axS,qLbvqw1oFp2XRTUh,BC2BER2qG961QXCB,0DhdoeT8RLaBVZcB,YbtG7AzDZ4OPGYYj
o4FFR6DhbouFCOQN,v1bQDZk75C4p2ZXu,pV3OVte7f9cEuPur,FL9EgnKIBcyji8ht,ZyTlPv1Z1gRv230l
A3WNFZv4gYGFTn70,Z6DTwThS2bXikpNK,JLPCFG3oXWbYQ2eu,MkriqD4mAi8Pxs2S,li4F0e6arbT2a8ai
KfJwiK7dcmMJsRvr,ZOv1UJQ4wPTKARzX,7oaGc9pDBaVgGQQv,8kXyXjfQ88eofC2X,g7UGPNMOWtr8RWHz
TqnjGTe64CjYAdAQ,ZyXTSU9PD44cgWPy,p0Qtsu2cW1XozMtL,fsdvo7pDRMWpAgwd,QBAIMzXvVe7uOOmA
Y7xFaY7ZxlF7st7F,QsuUkyOefNXhHNiu,vK3908XJiXfFWjlx,ZgfJkQFHU98xWNMy,pSxq42dOQUAENcw3
ihrqNnOggXUXCtGW,1q4ECyCvCkB50MKR,RruG0IrIsDXLnJg3,lULsrHXXVjiB6BVp,NbbJLe3k6puw5IjN
oKPyU8kycwBnhKO8,G1kxcN2wKV9gZC9C,eJPNJ0467rQuAprL,DUhZ4TUVqpTuIsbg,mBwpe0dbgORSFmIT
0lSkPuvEeCXiYMro,t3hMtRHjQJ7x2ltE,yR5yz0NMBYS7MDaK,IgzN2BLbjrJZipiL,Z9hMyayA2aPKBsz8
H6fu75Ffnqfcobak,fKSSRJAceA9wsxfS,g9xn9Hv0MBmuCu06,74PSqYdXtnYTUKIz,jTT1G9rMsI3aUnSd
hwk3mayrj14ud9rD,f3O9YISVJor2A6Fn,VyN9pKGuBkxusUhF,uXxhIKQd3Q2WarAw,Z6JSFQd1zfSEVfWv
kqhW8g32TSyEQ1vw,40ctpRa6KnuXnMAk,NIVwvcuWsyUgahzT,sDp9iwjV4KTHdlXc,z21nvO0yLe9CYQSg
vsowzfyPZgse8zCE,N4a3oeKUFyYE2Tx2,CTjg9j3TWpO9Z3qQ,wNGhTCOa2nlqzjMX,FlNVw2HgHwmmFZ0F
AhCRMCuNekSI5WUE,HHCgvEwQyFpZyyoU,61nPOXBpzReVNK1k,ZnY6ye2XFBPXfiwx,DlQlJl1vNlItF5XG
djm35f86GG9MskiK,wibwAt8igUigfz26,IbW2ufg4pbcoVqF0,q48RGAvczeqjiqJh,MlDMjxvMseKeAKTM
zvEhUVaRae4z5jYr,H74E0qD4ac0O4iAG,t5TJiLlzhdvFlZX3,NKjpwvAzAmCC4Oh9,zWQEgvsDHoPcVvCz
uLWgUNvfDuZptZwN,J7TW70WEU9GpGtHd,eOetG4yoKdKQvmSV,WyyEPuvc8QNgPNQe,knV08T0sO3Iscdh6
UvIxWUbtS4hpmei1,6CKGNpmr66Wq2tre,bMMzanZiIa7Mm1FM,HgWf0xvBwp3OSFfq,yVrIeJmXTeJIzEsU
ZGLx3U5JguULJr7Q,geVdlQmPGrBq85IF,IUvRIqhtbAHhXzky,1CbqwkbqJYaP4IPN,owYzRv27ytoXR4ju
fRGySOhVzm0iSnAt,ns14yCK9sKVgUNsq,ay8C36bSFGwf0eat,DoCyyJ9XBdhOpA7l,swXyyEe1RIgsmXnq
OfH14RHAYOv7nqmG,zCN5rRf7UHR5BOlZ,FPfos6ggkJ1ZyqIk,An7vXY0QnzM5E8Yo,vwUchsGtFfi7lX8M
stjPVfFZXsKtlpX3,jptZNPKLh8WATCf8,gN5WWrUMd1xYiZKE,IfViMgRl4e1zO6bP,odDY6hyWHmVp1F1b
wvimhTVwo7abzXks,vE7sd0fr6CyxNxE7,WaOxbGjd8kLYQTYx,2Hl8XcnN6zoBTVXB,EljSoPt5IQWASCrG
8fL1BAcgfrtbsZt5,T1GZZPfAXdRDcAKQ,AYmVrTanDCH5cz8z,Z8LPISP425XKnaKc,X0QAEOsTqnaTg19e
0uVRCgh1Otbb4G3E,kTbJw0wO0IEWLsyn,PklChkru88aMiH7Z,NHiwHKAQxRtDkl4f,gIFGy4xsUXP15wqF
IFG9tf0vQLKsKHFO,dxiwdPctu6F5r333,m3vvd3XKpTrVWVnb,WtSlaa2FvLXdIDOO,e8aik505doMXHBW3
Cql1wsCvF06JtZID,ELCLNsJo3QjcQVYS,FXfqGSSWngtbEXDl,Tx1JtbNBdOGBcC0F,KmZ40dBIHVYROk3h
gIpRWcgNLOg0Lq4K,W8tjeUlTqVJoSIkS,qWfvmifqMwK1Hqt2,BxqvYOKtOKY14yLq,kBNPctBQhoEjczDq
84XWEsKG4VQ15ujL,w33xjitz6Im0I9be,mamTE0AL7VtLDhMH,oBplsoM03XtN0CE3,5yZO6G8DUFsHKiRZ
dn5YpwP2p8noas04,BYnGmMnrSRm2t95X,gs2hFArrVBiJWY2Z,szXW0dAIf9wmxzGR,LGT5A71ziounTyXI
R0yPfCPoIP5WSsLO,X5LsT914Dc5LDe3j,kqSSzhvKq3TQP6Em,hTsGaK2j5CsR8bTv,ZSJydJx8nD3TWGgD
a9GbYlvEfmyG4nza,BbnFDWrwiqamXgVr,JxNihcNZp5cgjivv,NF6cDzTm4NzRRb5R,4YKdbiYAajqSDqSR
KklD0uXr1Pw2hyNt,SDtwTPsSN23HuLQZ,Za52NuhTGYhREyaz,DdZAWFUEITRI2G40,72exIAp3FOy9g8Wq
c5oo7oQ0SFDT3gim,yQOqsJofB5wyxIwI,xOIge5xyk2LCqLDK,sttwHLb8OvXWFpBa,jH7VpEAVZ4P9g0dg
bTzUWPCwPH0F7E9e,nJKmcqx7JoOuyZBA,m1yymDHA9Q8Vq35r,AYogq3eB3lTsY8l5,2Z5cWrhHwGjiK5zf
zymZeSnZr6016niY,oEms3TDBFJXA4Rzb,XevukVwd8BJQmrfV,2WGb2tM5E8MJWahQ,JmK3Fp1JRCAhzo3l
iuvEYLjnuwNO0uer,yb8mRGnqTIJh9W97,NoCTdBBIox431U3x,DiSElCk6NFaIzQEm,HplPpeuTxIpYA6u6
dEl9IjZsEi6mlu7D,M9tfWdbjNh9khHc5,ipuAilgoOgG2380g,zCD8FewbAckHs84t,7sV5tmhi71rNYMPx
pamvfbnCjFp1dqBh,HIWmb244XEgyBNFa,RNoo3tA3bGHtnVse,LZYqUXGQp09APVjb,eR8bPrwa0d3ZRNjG
HA3aP13DwTJjCOYg,L1Aj1aw8ccn2TsGc,Y2B8HE3QRBlkh2B4,JVfyla9Qc6sdGDtx,2ks7dTssWlL8vrBP
FIgbz8ACReLqxQja,oevnTwnN1rWisvmQ,rY9tj4GPj4d0yRVu,3tQZhU3w4Hgs4pgV,aL13XIBs2sXETMsD
DqG96EMOnEbOeStk,btctlrnuqLZvYPsj,JsA4bm0Cw605MPgx,Hk9WEiykyqjVUnH6,sxXpTfiZAZnbg2cl
uH6iGyDUBhEq4KO6,8BNWYA0cyASxKYJ5,nvgNWw8paR5A3ya8,fkvZ7uhagRBnBhl1,9sok1UNUY3R5uzGd
vPyIcyFpkUY109qy,yj7bp9dl90x7bhNx,gcAhdqfpcyiPmN4M,8On4BvaMES8HEfsZ,frLdwGsCUeyMa3Hg
vR5fewsF5uyYEXlw,DMi7HnFrY2oWKgmk,jM7snntjbOkAhTFT,kqmHnmhou1CsJgra,sJHFLI2v8mKT1vtP
uC5JFMOaGS2ojQj5,kL4qoGVw6dLBAI6Z,nBBhgb0iVlvGYKzh,tyabhap5PXuVh1oI,z3MTeU9lM8hrbuoY
ChFfd5q8T0NO5l3h,kcQtKLGASOiOIVhR,XDVXBL8DqpYUeGJz,lTQK1EvyvhYvCJXD,BRIplkNKSeMhEf7P
DgogV8NahbFodfdE,6XDV8Dj14abkKHnY,ogOQ92Wr4NkWAeSU,fnEuVax5Z6CDxG0X,H7L4jvtoQZ9MCyfy
e0G9Si1by7xdFCK1,qwvPHJYBD7yJYqUW,3sJoiWkb5hIGknGh,eiUIcz3cAQOH76Jx,sfsgKpBLMJxJeDmM
BQ9gq0eB2zHNfCSE,xiv8xeL3MPwTOuYw,sf9mjC5sPv6RHt4O,cBLMOsLELeUOD5r2,GWX4rZ9LZSvuhlt7
o3i1HYz4V7mfmBti,x9WVOFSvxkW3fo9g,Pd29cdrJ6j0FH6f6,sjhmGQMXYPdD5Zz1,pB6aRCbkdhqTVdIR
rDNuWhEGS7BgSWWW,ecHz1MWborIIRklP,Nlf9K97P4gnIs8yK,DrIoBMEROQpklp7i,cP13s71PwPbKEeOG
1MkQPdIqdUi1uZxx,0eGV7RijGmnPN9eb,LYTKEd97l3Cjr5Uh,dfDhUNHfnwB4YjSL,rxgJuZKWRsF1KPNU
lFp6v4iqH1PYHSuv,dAcTDqiMMW9gmjao,TyZsyNtmLLpI1LlC,UxaEda9ZEtQRlIb9,VAvAiN5c4AGDspI0
SJXmyx9IZ22m6am5,PRRkTDVGjGOhy98F,QcIS5n79YvgO2m2Q,C5O2klsPdduIn85s,NgIiMjXowDi1A45N
vgGv2v1yLhjYNGZN,P2C8ty8Jj0xF6FIc,MzKUEUgXCjZP7wX6,EvIle1qMRW999AYQ,MPy60EC8NbYsYLxE
XzlIybTMZxgdUoyj,i5Rnfg7suhLyUhh9,slKEAXzXNwdVJWza,bD6swGVji9HpMoMm,WmB8Ch5MixwwOn1i
0QMwGunaUup4ENCz,B3EdCNigsFCL0ls8,QpRiFLhNvF8XLOws,AiaNHd8ocYV8roC8,XxsNx15BgnToz1Jj
O4mcfipX21KbJk9P,iUD61YCSIzYrSnZU,ycFTXc7v1INuz4q1,jwdHRNfuiXzy9YhK,2d1LQXaZZPgDJj4l
8GnffWxIaabztWqI,qaNbyfuBDqXbZEt3,dcmPGjuBRNYW7ydt,yqDaRJeQr8AT6xl0,gea7FiH7LU5HLDJd
I2S5NKmlB6K8QhGs,qEflfdg04Xmcwg9r,uTgcN7IHcqmAQSgD,26Jz1rKyXzBk1LDZ,5wT0vFI0r1Ge0vOo
f12k4XMREqqCjgal,DD9jC7mTMxFSG37n,4WUY80IAZb9u0UrN,G9eqnD9FPcT8MPt8,i7Z6irQn42KNdDal
ZmjZb2xFdrhLjvTn,Pz2cBVJTp56dI2qH,hDVuzPY7TqHhO4mr,X0udyYesPveW4UFS,uc0RKlJ9hlVyJbJM
XgfrwE1iADXA8HDG,pbGf1GkXKWw5wj6H,VQuelEDSWVhVc6Iy,AxTrLGWtyVQRAfCG,xztxZo7icBl10zZm
Je61SUrBnpfEEYss,fijinbHVJNCNSnCJ,aCMfO2Nz20mWDtQb,RVkoHfBbCerlVzSj,LsL3BPghcR3oTFDJ
25LyeSvkiv1rDb0B,Ms1yBNAsuvRjuZmA,he6oUPGS11hjAbIP,dS9YzQeLy42QQ2gR,zhkFhjl4EgjVGRKt
wHuwPGD3N5tgpT1Q,qQYZfjTpj12lKIC4,UZzLD0XrhRyQBjwm,EAVOqJZ2gWXalEBi,0NEAvbumluDdT1l5
qEwu0VspJPsAB84J,bekFvmoE5f7pUeDJ,upNH4mmSbSgLh1mw,17v53pX0xUc3pTkG,McOdqfuHWezuPW6r
4eOpnc8QcLvVSjbf,fGj64h1Akto4Lyl7,qW7d6gh4slWBA4dz,mysdVJYRatCUcKFn,vLm1iPVJHyzdGcnF
VLnxRovxXrtArm40,STH4zd5RL8Vfapon,glZ7WYUPv5B1SWA7,efBNzoNA44bw3XDw,FDIqKyHD9mGTjVwA
KgWhDuiJfCUJ4yFz,8qpCusrUL5diod4w,bnV832hFKXskzcG8,QvP0g1upZFIpizoE,gPBYpJgmv7Mu7Wuj
A3svk47CE0ion0ka,iUiK7Rxsp3AQbCPO,YrMWepUl2QOqYwRM,0geVIyTcRcil9Y8i,NeAdz5Olg5eYnAdH
XutiDGHWvXC1WJQX,JzigEBP8WkbzGSaG,HBQij5YSXZ1aHK2P,UVOmillNZAnt1mOS,WXJ1KLw0hZg6Oy5r
9zh7lwP4pEc9tFIq,VfPOazjtXKuF0s7v,LlgyWHBZ9kCHNZxd,3RdDN9GLtm8OEas3,iOLF4hx6jRgvf9RL
Omv6w64DyHwBLPwG,KDKwpzZdUV2LX8Ku,zAzS3eQO4TfEKWp3,m6E5TYAqwqp2cy2g,wRgUWje9cJKUv2OG
DpsMoAW3Leqti9JA,P0x1rtGlQWUFqAJS,u1MLWzETcbqIdkPL,fQ88iZfnFnj3Kx9C,HNDRcdLwjRI2ARGJ
pdRi6fFtqONYg6lW,ecpNMP4LBCYSwOgc,9ypLfYnBLbCg7e76,quYEH3TOe92IRkce,QDce112SmyD5WNe4
YZuFYXrVrx9lKaXl,m7oN9fcj1isoC36M,365iiGdnL7h3890K,cie6nrSIvn1WZQ2i,sijdDH6zpelxdubD
xipEzifMHXATAj1K,nZDJuLCrdIIB2Nz0,YtZ6CtMhBvXEQDHh,9G6lKcd8cnEP3phM,snt4pwP8BFVtyYRr
0CgHGK04Zbi2pVjX,M4eM5ZWV1cugvXVz,8i8os59vQEv98GKJ,psHctdNG28sDMvRR,kRPCMFikU7KuVxY4
j24Mpkw6Tbs27Bfo,p6W0eQYxedNm3qSN,5JZ7CqBoC80lXVco,0ZNftEKMCiEbuO6q,2OSiF5dtqRG7GQFL
PnC8WrqoJpH3s8d6,wrVmI1E44rBCJ6fb,rHWs10kWcg1QUGVw,4YPIbueQjZfclw62,KVVzt4GNHZvonvMi
0Ode7hFn5bJyjm9k,KfvrRjVHxSQRoJLz,Zi1S4fuc0j8JMhEq,yGYXjWJmWvyxBNWm,9dG1PQiJnJHduXUd
dgYIA4gWWYYJYXrR,BpA8oB5vH5ipyg8F,dm4LlXUswaUofQhx,H9A2ZuSx65c2tRh3,FZshG2DQ36s5xISG
fZYM2omvGtlnXHuC,OiOhcrNEzDF1RhCY,9D7ygDAFtWCuQIEt,wLN4BLxWGi4azzrw,HMeuEUuT7nxqEZv4
hdpgLhNwJwBf8ayR,g197LprWSFMQtOIC,DkncYJXMStqEW4wE,Gec8XmlJisYZrna6,m4WqT1DW6UDS0geE
weinA1w3PsExx7UI,gaH0S222qggVvrM7,FSVBaJrPXwMqBexR,J0GDK140BFhnuwAW,ju9thcZbxZ8J64N7
IbH75dcNXRHJyn2J,8lVuL5JP0SmcIVlj,WgFOqrwi7cdVOE6D,yddH1xCZD4dAPRxC,KkgsvQs0rSBw4AqK
0NekOA8TFwwN68Yz,nlLGkBUVXMr1hOgU,mMEwvUsOCv6HGjoh,OHw2zaRSu1IuuASz,7xqwlU3CmroeOukt
ViQwUK7xn1cysJhs,SKcpiecVxeU5zF1K,qMnj2p1nxaKLoNO4,0ZZO1vCe7rPSwRiH,4xiUmf74OASBQG1U
ONTVhj2IwkPP23sW,rq2TCzJLJKuCE0JB,QlWbPAXEmRIJLTAj,tjIeXba9TxvFy0Bj,iDw0f71ysjMfyxFE
2seyFO3AOZV5KRIe,nShtwyegz30e4Egl,NLfxINWKrsDaEg6P,YDYFkht8b2zfiAl9,mn7MNUsv90IoHy1O
3OrS5AdoCeqEY0NF,SKIqUkDjaTkYTo4q,mpCcRLvg3OFH2kaZ,Ex9gpGL3zklq83tl,gZ7bscefoBCAXfQ6
vdDkx5C8HW8OjmjY,H3vxyYApsymWgNiG,m13WdpEsznmNTJxj,ji7D3mygj4Ean2PA,CKe7c6bg4chnUFE1
ZuGGjNQbmVPUO5Uu,7kHyucvT99Cuxd6g,L835PP6RIsthkeww,U6ad6mtXrn2Gz3Qt,TZ3LHKrYAiSMo50Y
WEaNaEirn8vqmBTr,JsWY7hylltFIEqfB,Dg6CCNwSpkCqGTgA,mI78tVmlqPswH3Na,rIeBSACjy951MzCy
rfXHm1aCuvHpAmiA,mTFnyShiTwqKwJ1B,QsaublaQo9y8jmDI,BwzzBSHECarMISdG,zmkQx5ADRrknT8Zn
SSQwGcgagHVAl7Xv,uLEDz7rAJwqkLWo8,wCRpFbh1FdWjREgO,kF1tGpTU82Ddtw7o,9x8zyXebidP0OajE
hGON4z4YhtBUxPYq,y5BJvYD0DhIk3Boq,tQ2jUBh6fWTnI9ih,lLE5mUq2uvqNk9ip,y4y0LtaOdPlqMDlg
fdQRkkcub1NV3nnp,hXFLehxKbnO5ksoq,vxdFUHenSiSnPWGz,v3mYTeSGK62zmqzu,Q9rT07E4a51CQjdE
6P0zzlFiGtCcOFIZ,ZPLEnpzhfhkUQumA,jCvZzFkDiwv8qQ9r,HbmTV0Rwwhvoo64o,ZqmeGHaD8n2QdTgS
VbRu9r7DFfKe7BCQ,hLiZzJ9qGscYyw0Q,2vudxnyVYx40RPeB,JFbllCATLEDKAIfZ,a0dNrgCXIZdQgGeM
BLPwphVX7TuvGI8x,pobn3lgCxMnh4Rcw,jR7SAMkAPy86mZpA,RC5n53Mq4HShszcp,Xf1wcKThwFr3xpDf
FLHbX7G8S2qsdqN5,ASBNmYRjLJ6zw8OY,8DturU0PAIaTsKFG,emwNpfnSRrKycsHW,W6SGO47RaoGCdHkr
6q9DXESgS0k7jWRJ,caLU83w3av8r1u4N,vK4kNW8c1G1xKfKz,YkgU8wiSzxrT7Hrw,QK2uKDehi6MoLsNI
rJIXGlWsqDpmkHA2,ST4J1ZpkZIG7SDgz,PrGdtLDVXgzNC6At,g8pSJpJpAMa5kO1f,543u9JemeKBs9LTF
LTQ3VnI1Ima1w9bR,mRTLuKoFjQtRuutV,EQEWjgKPLFF7j2j8,5mPsjJMZYFp3mgtP,hduR3dCPez4dRiM1
rsBTvzhBATRnmtcp,zQXyEwVzuOwk4QIs,pwuxk7ssmR0Ldpni,f5viqEFXJlc5VYuR,NTiegBjZUvE0AUWh
A5tGSKUlUlW6bPFS,lWc9ahM4VBvkqGxL,N20PfKUzec5PSk33,NvCTftrkm16Mfcju,jDs6wXhnDsGHVTiu
Xro2D7LM0LDmsiPx,K9cS1srFGZtGUwXV,bI7OYCnSL1n5oDSq,xmQulfqWWWHuu3AM,e2RfsVtTFE9LBs2r
z9607hSBwRTFxvEP,BPOIoOcqPFSZZo8a,MfmR6yzb8OzvN0Ws,CVwm3KrMK524eT2a,zzro1hxr6SZC28vN
PcPya18hZC76sv3i,ARBPoMIMHMqMAhSK,mKEM7ThNZqI2PSws,DkRH38Xhgd9LN3G1,7g1xoi6ow2IjMy7k
xi2wVXMCYO9QWyrI,jWCkGnWDJjstxh5H,oMVTC7ncb5RZvlFP,iRgnhkAh7SX7EFMP,U73WNi3iERpEd5Zj
NWbnlBI2vfF9lpeC,IteeDCaSeUNCPe3B,b4Q2I4E4uexhg3qk,fJGxZIwJSBuwn1Wz,rEkOVnzpH9VD8xGi
eatDXKxTguwnjchX,cH3Lgxv49Pb35wQ7,YRQN0bmqKn4tjhCd,Z0cHiaIastQkw2GN,bbZ2fZHuxk3TE6NJ
LytvQklQZTRe0kwV,qWDpU3GtQWZerXW2,bo0Bl4wGSipLPC6l,oq2NVHcndKSs9NF8,ujB29mJL52BWy05a
AWZwEo3F68m1JaWW,GlvKGoU36vbLnHg6,ays8A8fTqT05rPym,qFJ2nGm9Pjb5vIgj,VIQVbhLHxdzGHjiX
LQ226N3HJfp18C0e,JsZRUZogIheDXoMb,CFyWdIep2WbmiVJm,NpPjd48wGtI397nD,Nxw4Bi6Ws7mRK9AM
EnoXA41qlWEN4OH3,RCY2mtyOkBJHcKUw,58a7KCpCi42kPcqI,vVbhKjliwVKdNcHU,MA79iuTKseaOLqWv
y9gGQTCrFpxBtGmc,e3EoC9fTxmUhg7In,pP2ffQ6aBM91d1T3,IXdktzoMDwYu61Cd,vPWsn62epRDfqcr9
4ONwo2DZW7858WXm,47YAOUjvr7PgIPwV,ec3mVK2XkF2GJLZH,idnGMH3DdX5Pv7rC,62G4gzTdqMMXeEgu
vsRnKaRZBWRlBtJW,TOqfZ4z1xLhlrSko,IeIqSfFIkTuRjqLZ,DgacLkULQBSWDkHU,ToHzzzjOqVqzG8LO
354rFXQzjSwXrTF4,3xpQJuPS30AaqO6N,7aNly6ZcTZ1Mopor,3O52lzNNUiEvYXG9,vQ3calZp8tL4UcSA
4Z4ShzzYlBCwVxxi,2xe6wKYB0xG5ur0U,ltDxXJAbvzoRUZwI,FV00yfzc3d3v1sqL,65fHKaFQtuAPpqNB
U4X73YvlhtQpdG8D,yotjKw88Y3YtXV8Z,8QjwEA8agXcBEbVh,PZGQtZJJwnAWfFib,OwgSzzXAclDuJEUC
iluY60kUIXj32m3n,iSdOlGgSZf31Mi1d,9B4R3QQOHC1NsS7q,cvrh95bH1dfvZR6R,VQc3YU51PhGiVA7v
BDeSP2RFbeJYuMAs,9jcdgYjOaaP9StTx,hJfDUQ3Mu0nExHiK,JITTU1NuKV7bQs9G,DxhDlZgxU9SjvjNE
aa3za0J5O7fhRfV2,TNmwVmuK4cl5P0xV,lMqzP8MQOroWWNpL,nDTvbY9rV4gaozqu,k6PhxNMRVhj04WPU
vkKoHI85fnLwte1G,F6pB9VlEGMJl8W8b,H1Zjmgfj1fiskpVZ,8s7JopsF1qUm47Pn,SfJn0ddvqOgiCORp
Zinu4yJXUudQRrmK,HqDZweeoGJh4noDP,RVyQVe6fApr4ulLd,2A1cNKUqr4bZ3rM7,Wkn4eGkgfkGOQ82q
uFo3vL8umNnr9U1n,S1C2i7NLDYAJNlI4,dovygIWcExyEu6mP,MZrI3McjiKtxLUAq,DJWwnmBPM2r3WDjR
uJULULJ9ZkR15ZAG,VpT0gsWKIVro3XXR,M3nceA7m85DAFkTA,GrR822OwRGhGsVAs,tgkWGxWNLgFGSP3m
IY8SPuLZARbR8N1s,rKjK7MS2wq4YcPnP,OptxM3DvoCxgQn3r,gA4678D94JaDuOoM,2wETpkpL8tFoLl3K
ieFPvmTeeLRTs7XO,Q2GenhW4bRVEXBW7,LvfdnyfCinxIFa4s,4vnxejgGRgDHvnb9,3ElVUJq7SUazZsT3
gWXI7oQLHXLy6Yxt,gqHKz89DSfRJDSdg,1sSw4vCpFdeIL9io,IltkN4XthSGzzyMX,XO5GzB7jFyg43tJy
4e6axsatAuqv6g8j,maujimvSStsUYNB1,NkTvsrGXRE1Gsebw,m60VQ2izAT09AQYg,N9PUhkpyhBe7HkgY
UTWWa3ugIxKkyrIF,utVJhkdUIcfEzInS,FBg79l3EfnSV1qvw,TRK9T1MBZMN1O6SF,wPlwdTM4hxvAf35h
GLSc5swHbfG2X6xl,DZgAsGnE7MBYeYBM,JnbKe5fni15zBXVG,halEFza2dOcAIpSW,e65M15Af2Lj3WSse
4rFlbqQl9p7hUdGS,SPf8bFjABvjuOeqt,bKqxVuel5Z3C0BF9,1a4hBHg7IDjF7fUB,dKoFRTakpPTI5YFt
ZFurqqkRcyZdi0Uq,K4b2xEhcvOdYDrn0,JiZooAsuH0LYXGZQ,aPuSHteA81tQkkyA,bEyUY4yRRRMXHU5F
Et7e2w3sa4O5CsBO,6cFDR2lUyPK7sv1g,z4FuimPxAj9d7ylC,V0XCCUYRE67FvWEP,69lGGLuEqZbkrPey
tUq4fOVeS8u8JVcX,NSzplyaKxI3FdRFw,PTGCtiUHGazRRbpp,nlqSeumr7tK2atQO,YR7NgHRbBJS43iiD
yTu6e3TCcAq9rr4M,uKtINysJqTMaMwpE,iwPkehaAoNSX1HDk,NZkT1PWHLU11uCpp,h4sMB1R6ZA4bhQF7
lDyqiQ2A5tCShXqL,zhuIOUCxSyrytPmT,MHR1US5b29k3nXig,qYC8u30RggfYlWMc,bXmjyVV6HBtJzSDs
L0AhAkEdXy6at8UR,8011ahYH0BfTD9UJ,o2YF2d2IYIgneu7J,Dc23cTB1tELj3GyL,lIIrZP7uureHazNh
z4eKBfWNNFGdeph4,eGXCaaXyrNzeVtLO,JgVIKzq1SUGIC9aO,bfvNsqe1Hrn6VMYd,dpscOtDJ1pFXfN1g
L7p50DfuLHZVMpsk,ylC71ruFWhq9rNYp,EKf4ALqMVgngBqql,fHZnSZpjeueznTve,IxIc02tlZM3LeUWI
p0Pv4gRRPnJ9Y8MW,l3R70L03IQpZo5pv,v9SJ5j9Vho2Z3HyK,doy5DaXMpsdFOJ8j,m0sSnrsOebreas4T
gNO5rWUYUnH0GK13,y2F8mPYOqN7IYgBl,Bxwj8z6uwngCogd3,c3l5zGJ2rB7rSYDh,4aVQbtSS0hwY4Smz
TmxrciZlsDOpf0ZI,MYr7BvPSrMn3TKTe,rZvv5LFK1Dx9ianO,b1kkU53y8gStNTHr,2e22sKKW8U7RzQr5
Bfwkveetw3XiQjfg,VEem7o8knWAxrJL8,kZUNmWHJ1fcflf9N,qh2oMG44wIewDl8z,2RP3asCpiRqZsN1W
ta27hb5dpwiUrbne,eG66Hgj9oWoAlQCR,B26umArYfmTU2XvX,1TPGf7P8kDD22xVb,lBI7HKsdq1aMsimF
SeX986Ytvaatctdg,G5cv2NE5CGXo3q2m,TjSD9GT5D3o1f6Y1,sRLiKGYZ2vUTu7CM,k2VlgxNq4AyuWaDn
YHJHY3ptapujnafi,yGo9H432s1g6bsgI,xvQqEHFQGCvh33RQ,jmp6rT97hJXc7ViJ,kQoquD2KA1DOqrqn
W6eRtsw24EDalFvU,Ak0kOi0l5xCgOEjf,MNntnPVGRfoMOgBg,oSzjtHB9T08K5vok,qRIvanXERX5S42AL
EtTzNL2rR12X196s,aVvWW2v4ug6D3EgX,ewGHec98ECuL4II2,NlwMpI69Kved2orD,X0UlvNxP8H8Hsnmy
u2pxTD7DkMKjUVMC,TKU0av7MKXpLziHF,1RyPjDJOaEmriTG0,3LjSzeshEx0knGOt,Vko2TSNzxd1Sr49E
f1qeHYPk30hFgNxf,fDhp8dFyRgohsXfg,eHCw0aNEH3XcWXWJ,JLfEiKke766omISt,qGHU4CpVwH90m6js
XSOlG9rfzxusHESz,zw4eUEMzhKsr9WXl,q8l0IBbFPFaZE1vE,EiM352SiJSst1vOg,z1CmdHpkr9gbP7VD
xxtDoWkh5nWGtiJM,2FgIfj8oJD6UcrlY,MZEm1EQktSybRml1,PUl1rc0n3O5ajSBT,aUT7m5Wl5qmUZ30c
1PpC2bsd6SFdgf6G,mTlMSJ36blCGXdaJ,wG3zqcc5fQ0FmzdF,z2Y202Ex6VznFLWv,c1rvcb07AAX5FCnI
q1XANdih6H0jWFF8,UIeZ0JfJzuSDISzP,8IxzV16mtpOi34hZ,3GGd5XW0X29TA5uX,vL9o8IBMoZLP8FOt
Ln5vZStVmIZfc0CI,klTiJBUuuxk6yWXN,VrznlRhUUV6JZDlU,1NRGSua9cf4zpc0k,qGGeaRkMUOgRYwAf
Ahmc9ectX27ilBM9,AmPddSZcSnFlQl8O,OsOM1bdrNdbiAkhN,eknAG29hGmXDtwNe,ZTZTBjCxZVKoOKnp
3Yx74l1ZgR8XB7Sl,0si9V3Egz5k35GBG,e60tdJsmf0WxP3Zp,UWUEc5bHOPzhaVbI,wvN13mpfadveW3Zo
AOTDRih3frAzk8p2,wHVWSwHT5wSyND6R,5UJFj8tpoqb6Ok04,1ttvs896zeYMCD3K,XuSR1t8b8RaMKNzr
mAqbtPv6SQ158pDV,7AEcMhPmJc2Ymz0m,MnKkugWH8vGStDCQ,4ImQzlmivBQPHLMT,bp4hqthHHfLjauL5
XMEc7UrGQyzpfuyU,0lc6ArqQxQVqb1PL,arggekxnpDXR4qkv,OSaus4CpiTiUycQh,dAFfHZMzpVUbYOq2
h6NxDvQyMKo7TmWb,utf8NjmMw9PsmrxO,PNQ1VnKYqxSEjtCS,UxMr3MNKCwQaOJCu,j6MKQ0I0gAUk86GM
Y1PBqNisBYOuIq50,JeEscfLVEZjYSM6e,6dtQRsKQ2FB2m2R0,pftr8LBJGMa5I65w,cQQ0gQVToUDP0dgH
CbFkbsSnrvyvcPO1,hMY60pNg1DVZBBfN,a9GYEZZChD6apZks,ZYjLik2pXyfFp9AK,EeVi9Q9pzp6H4wWI
ZewlQFT0o0PAOqUF,BPcS03THFEKBu8aj,P2wbuIHYAql6w72B,rxh9fhmPZL2doOm2,ToKUtLWuhS4lNH6g
ooxT622CkGFtYO37,oGEZqHrAe3Zb5bOr,oS4lizzczkyXh5H9,Pv32iYn98sHy47wQ,8py0vbS7r0H47LxT
GYXiAqmGVxFIkNiK,tybJK3eTzRv6e7ha,b5rwkqEx52EP0FD2,79n6LoSdpJCmhf5Z,qrPjxoOIuWxK4XbM
ez1rkTQ6y8zeppWS,iCK91lVOJOzKgJWi,wKTPWUs1S2IShdtV,gFVpo6TbiBbdyNzK,MFkEjZTl1YPh8fQd
2TjnqFMJ0AHky2Qd,FcyAsUnfFfbNrcWe,45dCAqgX80ob1mmt,tV4X5cvk2O5JUmIc,fRzPJ6JKufSUNCie
pcO5mP4ZZ8sQvhDK,ylXpUSb8xRi4YTpO,ng82MW2GEFjRRU2j,h3dWFW7z2OWZuV88,akRZrcOFCVs6Ibyi
XhHjvRWaN98v3k7n,zxWULhOtguKHTy19,LOPgto6LqUKhwxV0,nLQF6RyXNJi5XOHD,m7lkVHpVAuRYgoxw
